-- --------------------------------------------------------
-- Host:                         127.0.0.1
-- Server version:               10.7.3-MariaDB - mariadb.org binary distribution
-- Server OS:                    Win64
-- HeidiSQL Version:             11.3.0.6295
-- --------------------------------------------------------

/*!40101 SET @OLD_CHARACTER_SET_CLIENT=@@CHARACTER_SET_CLIENT */;
/*!40101 SET NAMES utf8 */;
/*!50503 SET NAMES utf8mb4 */;
/*!40014 SET @OLD_FOREIGN_KEY_CHECKS=@@FOREIGN_KEY_CHECKS, FOREIGN_KEY_CHECKS=0 */;
/*!40101 SET @OLD_SQL_MODE=@@SQL_MODE, SQL_MODE='NO_AUTO_VALUE_ON_ZERO' */;
/*!40111 SET @OLD_SQL_NOTES=@@SQL_NOTES, SQL_NOTES=0 */;


-- Dumping database structure for datn
DROP DATABASE IF EXISTS `datn`;
CREATE DATABASE IF NOT EXISTS `datn` /*!40100 DEFAULT CHARACTER SET latin1 */;
USE `datn`;

-- Dumping structure for table datn.account
DROP TABLE IF EXISTS `account`;
CREATE TABLE IF NOT EXISTS `account` (
  `id` int(11) NOT NULL AUTO_INCREMENT,
  `created_at` datetime NOT NULL DEFAULT current_timestamp(),
  `updated_at` datetime NOT NULL DEFAULT current_timestamp(),
  `email` varchar(255) NOT NULL,
  `password` varchar(255) NOT NULL,
  PRIMARY KEY (`id`)
) ENGINE=InnoDB AUTO_INCREMENT=2 DEFAULT CHARSET=latin1;

-- Dumping data for table datn.account: ~0 rows (approximately)
/*!40000 ALTER TABLE `account` DISABLE KEYS */;
INSERT INTO `account` (`id`, `created_at`, `updated_at`, `email`, `password`) VALUES
	(1, '2022-10-04 16:12:49', '2022-10-04 16:12:49', 'admin@gmail.com', '$2b$10$C0mvGGMzFN0tjv9G35qsyuh/bKVCbfE86qhATDHY4rDM7M4kPlagW');
/*!40000 ALTER TABLE `account` ENABLE KEYS */;

-- Dumping structure for table datn.certificate
DROP TABLE IF EXISTS `certificate`;
CREATE TABLE IF NOT EXISTS `certificate` (
  `id` int(11) NOT NULL AUTO_INCREMENT,
  `created_at` datetime NOT NULL DEFAULT current_timestamp(),
  `updated_at` datetime NOT NULL DEFAULT current_timestamp(),
  `name` varchar(255) CHARACTER SET utf8mb4 COLLATE utf8mb4_vietnamese_ci DEFAULT NULL,
  PRIMARY KEY (`id`)
) ENGINE=InnoDB AUTO_INCREMENT=4 DEFAULT CHARSET=latin1;

-- Dumping data for table datn.certificate: ~3 rows (approximately)
/*!40000 ALTER TABLE `certificate` DISABLE KEYS */;
INSERT INTO `certificate` (`id`, `created_at`, `updated_at`, `name`) VALUES
	(1, '2022-11-22 22:04:53', '2022-11-22 22:04:53', 'Công nghệ thông tin cơ bản'),
	(2, '2022-11-22 22:05:12', '2022-11-22 22:05:12', 'Công nghệ thông tin nâng cao'),
	(3, '2022-11-22 22:05:29', '2022-11-22 22:05:29', 'IC3, MOS');
/*!40000 ALTER TABLE `certificate` ENABLE KEYS */;

-- Dumping structure for table datn.city
DROP TABLE IF EXISTS `city`;
CREATE TABLE IF NOT EXISTS `city` (
  `id` int(11) NOT NULL AUTO_INCREMENT,
  `created_at` datetime NOT NULL DEFAULT current_timestamp(),
  `updated_at` datetime NOT NULL DEFAULT current_timestamp(),
  `name` varchar(255) CHARACTER SET utf8mb4 COLLATE utf8mb4_vietnamese_ci NOT NULL,
  PRIMARY KEY (`id`),
  UNIQUE KEY `name` (`name`)
) ENGINE=InnoDB AUTO_INCREMENT=64 DEFAULT CHARSET=latin1;

-- Dumping data for table datn.city: ~63 rows (approximately)
/*!40000 ALTER TABLE `city` DISABLE KEYS */;
INSERT INTO `city` (`id`, `created_at`, `updated_at`, `name`) VALUES
	(1, '2022-10-04 10:48:25', '2022-10-04 10:48:25', 'An Giang'),
	(2, '2022-10-04 10:48:38', '2022-10-04 10:48:38', 'Bà Rịa – Vũng Tàu'),
	(3, '2022-10-04 10:48:46', '2022-10-04 10:48:46', 'Bạc Liêu'),
	(4, '2022-10-04 10:48:50', '2022-10-04 10:48:50', 'Bắc Giang'),
	(5, '2022-10-04 10:49:01', '2022-10-04 10:49:01', 'Bắc Kạn'),
	(6, '2022-10-04 10:49:05', '2022-10-04 10:49:05', 'Bắc Ninh'),
	(7, '2022-10-04 10:49:09', '2022-10-04 10:49:09', 'Bến Tre'),
	(8, '2022-10-04 10:49:15', '2022-10-04 10:49:15', 'Bình Dương'),
	(9, '2022-10-04 10:49:18', '2022-10-04 10:49:18', 'Bình Định'),
	(10, '2022-10-04 10:49:30', '2022-10-04 10:49:30', 'Bình Phước'),
	(11, '2022-10-04 10:49:56', '2022-10-04 10:49:56', 'Bình Thuận'),
	(12, '2022-10-04 10:50:00', '2022-10-04 10:50:00', 'Cà Mau'),
	(13, '2022-10-04 10:50:04', '2022-10-04 10:50:04', 'Cao Bằng'),
	(14, '2022-10-04 10:50:07', '2022-10-04 10:50:07', 'Cần Thơ'),
	(15, '2022-10-04 10:50:11', '2022-10-04 10:50:11', 'Đà Nẵng'),
	(16, '2022-10-04 10:50:20', '2022-10-04 10:50:20', 'Đắk Lắk'),
	(17, '2022-10-04 10:50:24', '2022-10-04 10:50:24', 'Đắk Nông'),
	(18, '2022-10-04 10:50:28', '2022-10-04 10:50:28', 'Điện Biên'),
	(19, '2022-10-04 10:50:32', '2022-10-04 10:50:32', 'Đồng Nai'),
	(20, '2022-10-04 10:50:37', '2022-10-04 10:50:37', 'Đồng Tháp'),
	(21, '2022-10-04 10:50:40', '2022-10-04 10:50:40', 'Gia Lai'),
	(22, '2022-10-04 10:50:43', '2022-10-04 10:50:43', 'Hà Giang'),
	(23, '2022-10-04 10:51:01', '2022-10-04 10:51:01', 'Hà Nam'),
	(24, '2022-10-04 10:51:08', '2022-10-04 10:51:08', 'Hà Nội'),
	(25, '2022-10-04 10:51:10', '2022-10-04 10:51:10', 'Hà Tĩnh'),
	(26, '2022-10-04 10:51:19', '2022-10-04 10:51:19', 'Hải Dương'),
	(27, '2022-10-04 10:51:23', '2022-10-04 10:51:23', 'Hải Phòng'),
	(28, '2022-10-04 10:51:29', '2022-10-04 10:51:29', 'Hậu Giang'),
	(29, '2022-10-04 10:51:33', '2022-10-04 10:51:33', 'Hòa Bình'),
	(30, '2022-10-04 10:51:39', '2022-10-04 10:51:39', 'Thành phố Hồ Chí Minh'),
	(31, '2022-10-04 10:51:43', '2022-10-04 10:51:43', 'Hưng Yên'),
	(32, '2022-10-04 10:51:46', '2022-10-04 10:51:46', 'Khánh Hòa'),
	(33, '2022-10-04 10:51:49', '2022-10-04 10:51:49', 'Kiên Giang'),
	(34, '2022-10-04 10:51:52', '2022-10-04 10:51:52', 'Kon Tum'),
	(35, '2022-10-04 10:52:00', '2022-10-04 10:52:00', 'Lai Châu'),
	(36, '2022-10-04 10:52:04', '2022-10-04 10:52:04', 'Lạng Sơn'),
	(37, '2022-10-04 10:52:08', '2022-10-04 10:52:08', 'Lào Cai'),
	(38, '2022-10-04 10:52:11', '2022-10-04 10:52:11', 'Lâm Đồng'),
	(39, '2022-10-04 10:52:15', '2022-10-04 10:52:15', 'Long An'),
	(40, '2022-10-04 10:52:19', '2022-10-04 10:52:19', 'Nam Định'),
	(41, '2022-10-04 10:52:22', '2022-10-04 10:52:22', 'Nghệ An'),
	(42, '2022-10-04 10:52:25', '2022-10-04 10:52:25', 'Ninh Bình'),
	(43, '2022-10-04 10:52:29', '2022-10-04 10:52:29', 'Ninh Thuận'),
	(44, '2022-10-04 10:52:36', '2022-10-04 10:52:36', 'Phú Thọ'),
	(45, '2022-10-04 10:52:45', '2022-10-04 10:52:45', 'Phú Yên'),
	(46, '2022-10-04 10:52:56', '2022-10-04 10:52:56', 'Quảng Bình'),
	(47, '2022-10-04 10:52:59', '2022-10-04 10:52:59', 'Quảng Nam'),
	(48, '2022-10-04 10:53:02', '2022-10-04 10:53:02', 'Quảng Ngãi'),
	(49, '2022-10-04 10:53:04', '2022-10-04 10:53:04', 'Quảng Ninh'),
	(50, '2022-10-04 10:53:08', '2022-10-04 10:53:08', 'Quảng Trị'),
	(51, '2022-10-04 10:53:12', '2022-10-04 10:53:12', 'Sóc Trăng'),
	(52, '2022-10-04 10:53:15', '2022-10-04 10:53:15', 'Sơn La'),
	(53, '2022-10-04 10:53:19', '2022-10-04 10:53:19', 'Tây Ninh'),
	(54, '2022-10-04 10:53:38', '2022-10-04 10:53:38', 'Thái Bình'),
	(55, '2022-10-04 10:53:42', '2022-10-04 10:53:42', 'Thái Nguyên'),
	(56, '2022-10-04 10:53:45', '2022-10-04 10:53:45', 'Thanh Hóa'),
	(57, '2022-10-04 10:53:50', '2022-10-04 10:53:50', 'Thừa Thiên Huế'),
	(58, '2022-10-04 10:53:59', '2022-10-04 10:53:59', 'Tiền Giang'),
	(59, '2022-10-04 10:54:02', '2022-10-04 10:54:02', 'Trà Vinh'),
	(60, '2022-10-04 10:54:05', '2022-10-04 10:54:05', 'Tuyên Quang'),
	(61, '2022-10-04 10:54:09', '2022-10-04 10:54:09', 'Vĩnh Long'),
	(62, '2022-10-04 10:54:13', '2022-10-04 10:54:13', 'Vĩnh Phúc'),
	(63, '2022-10-04 10:54:16', '2022-10-04 10:54:16', 'Yên Bái');
/*!40000 ALTER TABLE `city` ENABLE KEYS */;

-- Dumping structure for table datn.course
DROP TABLE IF EXISTS `course`;
CREATE TABLE IF NOT EXISTS `course` (
  `id` int(11) NOT NULL AUTO_INCREMENT,
  `created_at` datetime DEFAULT current_timestamp(),
  `updated_at` datetime DEFAULT current_timestamp(),
  `name` varchar(255) CHARACTER SET utf8mb4 COLLATE utf8mb4_vietnamese_ci DEFAULT NULL,
  `day` varchar(255) CHARACTER SET utf8mb4 COLLATE utf8mb4_vietnamese_ci DEFAULT NULL,
  `start` time DEFAULT NULL,
  `end` time DEFAULT NULL,
  `open` date DEFAULT NULL,
  `certificateId` int(11) DEFAULT NULL,
  PRIMARY KEY (`id`),
  KEY `FK_course_certificate` (`certificateId`),
  CONSTRAINT `FK_course_certificate` FOREIGN KEY (`certificateId`) REFERENCES `certificate` (`id`) ON DELETE NO ACTION ON UPDATE NO ACTION
) ENGINE=InnoDB AUTO_INCREMENT=7 DEFAULT CHARSET=latin1;

-- Dumping data for table datn.course: ~6 rows (approximately)
/*!40000 ALTER TABLE `course` DISABLE KEYS */;
INSERT INTO `course` (`id`, `created_at`, `updated_at`, `name`, `day`, `start`, `end`, `open`, `certificateId`) VALUES
	(1, '2022-11-13 13:32:00', '2022-11-13 13:32:01', 'CNTT Cơ bản', '2, 4, 6', '13:00:00', '15:00:00', '2022-12-31', 1),
	(2, '2022-11-27 16:19:53', '2022-11-27 16:19:53', 'CNTT Cơ bản ', '3, 5, 7', '08:00:00', '10:00:00', '2022-01-01', 1),
	(3, '2022-12-04 15:55:03', '2022-12-04 15:55:04', 'CNTT Nâng cao', '2, 4, 6', '10:00:00', '12:00:00', '2022-12-04', 2),
	(4, '2022-12-04 15:56:31', '2022-12-04 15:56:31', 'CNTT Nâng cao', '3, 5, 7', '13:00:00', '15:00:00', '2022-12-04', 2),
	(5, '2022-12-04 15:56:40', '2022-12-04 15:56:39', 'IC3, MOS', '2, 4, 6', '15:00:00', '17:00:00', '2022-12-04', 3),
	(6, '2022-12-04 15:56:46', '2022-12-04 15:56:47', 'IC3, MOS', '3, 5, 7', '15:00:00', '17:00:00', '2022-12-04', 3);
/*!40000 ALTER TABLE `course` ENABLE KEYS */;

-- Dumping structure for table datn.ethnic
DROP TABLE IF EXISTS `ethnic`;
CREATE TABLE IF NOT EXISTS `ethnic` (
  `id` int(11) NOT NULL AUTO_INCREMENT,
  `created_at` datetime NOT NULL DEFAULT current_timestamp(),
  `updated_at` datetime NOT NULL DEFAULT current_timestamp(),
  `name` varchar(255) CHARACTER SET utf8mb4 COLLATE utf8mb4_vietnamese_ci NOT NULL,
  `description` varchar(255) CHARACTER SET utf8mb4 COLLATE utf8mb4_vietnamese_ci DEFAULT NULL,
  PRIMARY KEY (`id`),
  UNIQUE KEY `name` (`name`)
) ENGINE=InnoDB AUTO_INCREMENT=55 DEFAULT CHARSET=latin1;

-- Dumping data for table datn.ethnic: ~54 rows (approximately)
/*!40000 ALTER TABLE `ethnic` DISABLE KEYS */;
INSERT INTO `ethnic` (`id`, `created_at`, `updated_at`, `name`, `description`) VALUES
	(1, '2022-10-04 09:18:32', '2022-10-04 09:18:32', 'Kinh', 'Việt'),
	(2, '2022-10-04 09:18:48', '2022-10-04 09:18:48', 'Tày', 'Thổ, Ngạn, Phén, Thù Lao, Pa Dí, Tày Khao'),
	(3, '2022-10-04 09:19:02', '2022-10-04 09:19:02', 'Thái', 'Tày Đăm, Tày Mười, Tày Thanh, Mán Thanh, Hàng Bông, Tày Mường, Pa Thay, Thổ Đà Bắc'),
	(4, '2022-10-04 09:19:13', '2022-10-04 09:19:13', 'Hoa', 'Hán, Triều Châu, Phúc Kiến, Quảng Đông, Hải Nam, Hạ, Xạ Phạng'),
	(5, '2022-10-04 09:19:24', '2022-10-04 09:19:24', 'Khơ-me', 'Cur, Cul, Cu, Thổ, Việt gốc Miên, Krôm'),
	(6, '2022-10-04 09:19:35', '2022-10-04 09:19:35', 'Mường', 'Mol, Mual, Mọi, Mọi Bi, Ao Tá, Ậu Tá'),
	(7, '2022-10-04 09:19:45', '2022-10-04 09:19:45', 'Nùng', 'Xuồng, Giang, Nùng An, Phàn Sinh, Nùng Cháo, Nùng Lòi, Quý Rim, Khèn Lài'),
	(8, '2022-10-04 09:19:56', '2022-10-04 09:19:56', 'HMông', 'Mèo, Hoa, Mèo Xanh, Mèo Đỏ, Mèo Đen, Ná Mẻo, Mán Trắng'),
	(9, '2022-10-04 09:20:13', '2022-10-04 09:20:13', 'Dao', 'Mán, Động, Trại, Xá, Dìu, Miên, Kiềm, Miền, Quần Trắng, Dao Đỏ, Quần Chẹt, Lô Giang, Dao Tiền, Thanh Y, Lan Tẻn, Đại Bản, Tiểu Bản, Cóc Ngáng, Cóc Mùn, Sơn Đầu'),
	(10, '2022-10-04 09:20:32', '2022-10-04 09:20:32', 'Gia-rai', 'Giơ-rai, Tơ-buăn, Chơ-rai, Hơ-bau, Hđrung, Chor'),
	(11, '2022-10-04 09:20:42', '2022-10-04 09:20:42', 'Ngái', 'Xín, Lê, Đản, Khách Gia'),
	(12, '2022-10-04 09:20:51', '2022-10-04 09:20:51', 'Ê-đê', 'Ra-đê, Đê, Kpạ, A-đham, Krung, Ktul, Đliê Ruê, Blô, Epan, Mđhur, Bih'),
	(13, '2022-10-04 09:21:02', '2022-10-04 09:21:02', 'Ba na', 'Giơ-lar. Tơ-lô, Giơ-lâng, Y-lăng, Rơ-ngao, Krem, Roh, ConKđe, A-la Công, Kpăng Công, Bơ-nâm'),
	(14, '2022-10-04 09:21:14', '2022-10-04 09:21:14', 'Xơ-Đăng', 'Xơ-teng, Hđang, Tơ-đra, Mơ-nâm, Ha-lăng, Ca-dong, Kmrâng, ConLan, Bri-la, Tang'),
	(15, '2022-10-04 09:21:27', '2022-10-04 09:21:27', 'Sán Chay', 'Cao Lan, Sán Chỉ, Mán Cao Lan, Hờn Bạn, Sơn Tử'),
	(16, '2022-10-04 09:21:50', '2022-10-04 09:21:50', 'Cơ-ho', 'Xrê, Nốp, Tu-lốp, Cơ-don, Chil, Lat, Lach, Trinh'),
	(17, '2022-10-04 09:22:01', '2022-10-04 09:22:01', 'Chăm', 'Chàm, Chiêm Thành, Hroi'),
	(18, '2022-10-04 09:22:14', '2022-10-04 09:22:14', 'Sán Dìu', 'Sán Dẻo, Trại, Trại Đất, Mán, Quần Cộc'),
	(19, '2022-10-04 09:22:31', '2022-10-04 09:22:31', 'Hrê', 'Chăm Rê, Chom, Krẹ Luỹ'),
	(20, '2022-10-04 09:22:42', '2022-10-04 09:22:42', 'Mnông', 'Pnông, Nông, Pré, Bu-đâng, ĐiPri, Biat, Gar, Rơ-lam, Chil'),
	(21, '2022-10-04 09:22:57', '2022-10-04 09:22:57', 'Ra-glai', 'Ra-clây, Rai, Noang, La-oang'),
	(22, '2022-10-04 09:23:08', '2022-10-04 09:23:08', 'Xtiêng', 'Xa-điêng'),
	(23, '2022-10-04 09:23:21', '2022-10-04 09:23:21', 'Bru-Vân Kiều', 'Bru, Vân Kiều, Măng Coong, Tri Khùa'),
	(24, '2022-10-04 09:23:32', '2022-10-04 09:23:32', 'Thổ', 'Kẹo, Mọn, Cuối, Họ, Đan Lai, Ly Hà, Tày Pọng, Con Kha, Xá Lá Vàng'),
	(25, '2022-10-04 09:25:08', '2022-10-04 09:25:08', 'Giáy', 'Nhắng, Dẩng, Pầu Thìn Nu Nà, Cùi Chu, Xa'),
	(26, '2022-10-04 09:25:23', '2022-10-04 09:25:23', 'Cơ-tu', 'Ca-tu, Cao, Hạ, Phương, Ca-tang'),
	(27, '2022-10-04 09:25:34', '2022-10-04 09:25:34', 'Gié Triêng', 'Đgiéh, Tareb, Giang Rẫy Pin, Triêng, Treng, Ta-riêng, Ve, Veh, La-ve, Ca-tang'),
	(28, '2022-10-04 09:25:45', '2022-10-04 09:25:45', 'Mạ', 'Châu Mạ, Mạ Ngăn, Mạ Xóp, Mạ Tô, Mạ Krung'),
	(29, '2022-10-04 09:25:59', '2022-10-04 09:25:59', 'Khơ-mú', 'Xá Cẩu, Mứn Xen, Pu Thênh, Tềnh, Tày Hay'),
	(30, '2022-10-04 09:26:11', '2022-10-04 09:26:11', 'Co', 'Cor, Col, Cùa, Trầu'),
	(31, '2022-10-04 09:26:34', '2022-10-04 09:26:34', 'Tà-ôi', 'Tôi-ôi, Pa-co, Pa-hi, Ba-hi'),
	(32, '2022-10-04 09:26:48', '2022-10-04 09:26:48', 'Chơ-ro', 'Dơ-ro, Châu-ro'),
	(33, '2022-10-04 09:27:01', '2022-10-04 09:27:01', 'Kháng', 'Xá Khao, Xá Súa, Xá Dón, Xá Dẩng, Xá Hốc, Xá Ái, Xá Bung, Quảng Lâm'),
	(34, '2022-10-04 09:27:13', '2022-10-04 09:27:13', 'Xinh-mun', 'Puộc, Pụa'),
	(35, '2022-10-04 09:27:31', '2022-10-04 09:27:31', 'Hà Nhì', 'U Ni, Xá U Ni'),
	(36, '2022-10-04 09:27:43', '2022-10-04 09:27:43', 'Chu ru', 'Chơ-ru, Chu'),
	(37, '2022-10-04 09:27:53', '2022-10-04 09:27:53', 'Lào', 'Là Bốc, Lào Nọi'),
	(38, '2022-10-04 09:28:05', '2022-10-04 09:28:05', 'La Chí', 'Cù Tê, La Quả'),
	(39, '2022-10-04 09:28:17', '2022-10-04 09:28:17', 'La Ha', 'Xá Khao, Khlá Phlạo'),
	(40, '2022-10-04 09:28:31', '2022-10-04 09:28:31', 'Phù Lá', 'Bồ Khô Pạ, Mu Di Pạ Xá, Phó, Phổ, Va Xơ'),
	(41, '2022-10-04 09:28:46', '2022-10-04 09:28:46', 'La Hủ', 'Lao, Pu Đang, Khù Xung, Cò Xung, Khả Quy'),
	(42, '2022-10-04 09:28:57', '2022-10-04 09:28:57', 'Lự', 'Lừ, Nhuồn, Duôn'),
	(43, '2022-10-04 09:29:07', '2022-10-04 09:29:07', 'Lô Lô', 'Mun Di'),
	(44, '2022-10-04 09:29:18', '2022-10-04 09:29:18', 'Chứt', 'Sách, Máy, Rục, Mã-liêng, A-rem, Tu vang, Pa-leng, Xơ-Lang, Tơ-hung, Chà-củi, Tắc-củi, U-mo, Xá Lá Vàng'),
	(45, '2022-10-04 09:29:28', '2022-10-04 09:29:28', 'Mảng', 'Mảng Ư, Xá Lá Vàng'),
	(46, '2022-10-04 09:29:41', '2022-10-04 09:29:41', 'Pà Thẻn', 'Pà Hưng, Tống'),
	(47, '2022-10-04 09:29:51', '2022-10-04 09:29:51', 'Co Lao', NULL),
	(48, '2022-10-04 09:30:05', '2022-10-04 09:30:05', 'Cống', 'Xắm Khống, Mấng Nhé, Xá Xeng'),
	(49, '2022-10-04 09:30:21', '2022-10-04 09:30:21', 'Bố Y', 'Chủng Chá, Trọng Gia, Tu Di, Tu Din'),
	(50, '2022-10-04 09:30:37', '2022-10-04 09:30:37', 'Si La', 'Cù Dề Xừ, Khả pẻ'),
	(51, '2022-10-04 09:30:54', '2022-10-04 09:30:54', 'Pu Péo', 'Ka Pèo, Pen Ti Lô Lô'),
	(52, '2022-10-04 09:31:01', '2022-10-04 09:31:01', 'Brâu', 'Brao'),
	(53, '2022-10-04 09:31:13', '2022-10-04 09:31:13', 'Ơ Đu', 'Tày Hạt'),
	(54, '2022-10-04 09:31:22', '2022-10-04 09:31:22', 'Rơ măm', NULL);
/*!40000 ALTER TABLE `ethnic` ENABLE KEYS */;

-- Dumping structure for table datn.exam
DROP TABLE IF EXISTS `exam`;
CREATE TABLE IF NOT EXISTS `exam` (
  `id` int(11) NOT NULL AUTO_INCREMENT,
  `created_at` datetime NOT NULL DEFAULT current_timestamp(),
  `updated_at` datetime NOT NULL DEFAULT current_timestamp() ON UPDATE current_timestamp(),
  `name` varchar(50) DEFAULT NULL,
  `certificateId` int(11) DEFAULT NULL,
  `code` varchar(15) DEFAULT NULL,
  `date` date DEFAULT NULL,
  `series` int(11) DEFAULT NULL,
  PRIMARY KEY (`id`),
  KEY `FK_exam_certificate` (`certificateId`),
  CONSTRAINT `FK_exam_certificate` FOREIGN KEY (`certificateId`) REFERENCES `certificate` (`id`) ON DELETE NO ACTION ON UPDATE NO ACTION
) ENGINE=InnoDB AUTO_INCREMENT=7 DEFAULT CHARSET=utf8mb3;

-- Dumping data for table datn.exam: ~3 rows (approximately)
/*!40000 ALTER TABLE `exam` DISABLE KEYS */;
INSERT INTO `exam` (`id`, `created_at`, `updated_at`, `name`, `certificateId`, `code`, `date`, `series`) VALUES
	(1, '2022-11-13 14:14:19', '2022-12-11 18:06:40', 'Công nghệ thông tin cơ bản', 1, 'd3f', '2022-07-13', 1),
	(3, '2022-11-27 16:30:45', '2022-12-11 18:06:42', 'Công nghệ thông tin nâng ', 2, 'asc', '2022-01-01', 1),
	(5, '2022-11-27 16:33:18', '2022-12-11 18:06:44', 'IC3, MOS', 3, '12c', '2024-04-01', 1);
/*!40000 ALTER TABLE `exam` ENABLE KEYS */;

-- Dumping structure for table datn.feed
DROP TABLE IF EXISTS `feed`;
CREATE TABLE IF NOT EXISTS `feed` (
  `id` int(11) NOT NULL AUTO_INCREMENT,
  `created_at` datetime NOT NULL DEFAULT current_timestamp(),
  `updated_at` datetime NOT NULL DEFAULT current_timestamp() ON UPDATE current_timestamp(),
  `title` varchar(255) NOT NULL,
  `content` varchar(255) NOT NULL,
  `category` varchar(255) NOT NULL,
  PRIMARY KEY (`id`)
) ENGINE=InnoDB AUTO_INCREMENT=3 DEFAULT CHARSET=utf8mb3;

-- Dumping data for table datn.feed: ~2 rows (approximately)
/*!40000 ALTER TABLE `feed` DISABLE KEYS */;
INSERT INTO `feed` (`id`, `created_at`, `updated_at`, `title`, `content`, `category`) VALUES
	(1, '2022-11-03 09:37:23', '2022-11-03 09:37:23', 'title', 'content', 'category'),
	(2, '2022-11-03 09:38:00', '2022-11-03 09:38:00', 'title2', 'content2', 'category');
/*!40000 ALTER TABLE `feed` ENABLE KEYS */;

-- Dumping structure for table datn.payment
DROP TABLE IF EXISTS `payment`;
CREATE TABLE IF NOT EXISTS `payment` (
  `id` int(11) NOT NULL AUTO_INCREMENT,
  `created_at` datetime NOT NULL DEFAULT current_timestamp(),
  `updated_at` datetime NOT NULL DEFAULT current_timestamp(),
  `intentId` varchar(255) DEFAULT NULL,
  `secret` varchar(255) DEFAULT NULL,
  `amount` int(11) DEFAULT NULL,
  `status` int(11) NOT NULL,
  PRIMARY KEY (`id`)
) ENGINE=InnoDB AUTO_INCREMENT=104 DEFAULT CHARSET=utf8mb3;

-- Dumping data for table datn.payment: ~103 rows (approximately)
/*!40000 ALTER TABLE `payment` DISABLE KEYS */;
INSERT INTO `payment` (`id`, `created_at`, `updated_at`, `intentId`, `secret`, `amount`, `status`) VALUES
	(1, '2022-12-04 15:13:19', '2022-12-04 15:13:19', NULL, NULL, 1000000, 1),
	(2, '2022-12-04 15:13:19', '2022-12-04 15:13:19', NULL, NULL, 400000, 1),
	(3, '2022-12-04 15:13:19', '2022-12-04 15:13:19', NULL, NULL, 400000, 1),
	(4, '2022-12-04 15:13:19', '2022-12-04 15:13:19', NULL, NULL, 400000, 1),
	(5, '2022-12-04 15:13:19', '2022-12-04 15:13:19', NULL, NULL, 1000000, 1),
	(6, '2022-12-04 15:13:19', '2022-12-04 15:13:19', NULL, NULL, 400000, 1),
	(7, '2022-12-04 15:13:19', '2022-12-04 15:13:19', NULL, NULL, 1000000, 1),
	(8, '2022-12-04 15:13:19', '2022-12-04 15:13:19', NULL, NULL, 1400000, 1),
	(9, '2022-12-04 15:13:19', '2022-12-04 15:13:19', NULL, NULL, 400000, 1),
	(10, '2022-12-04 15:13:19', '2022-12-04 15:13:19', NULL, NULL, 1000000, 1),
	(11, '2022-12-04 15:13:19', '2022-12-04 15:13:19', NULL, NULL, 1000000, 1),
	(12, '2022-12-04 15:13:19', '2022-12-04 15:13:19', NULL, NULL, 1400000, 1),
	(13, '2022-12-04 15:13:19', '2022-12-04 15:13:19', NULL, NULL, 1000000, 1),
	(14, '2022-12-04 15:13:19', '2022-12-04 15:13:19', NULL, NULL, 400000, 1),
	(15, '2022-12-04 15:13:19', '2022-12-04 15:13:19', NULL, NULL, 1000000, 1),
	(16, '2022-12-04 15:13:19', '2022-12-04 15:13:19', NULL, NULL, 400000, 1),
	(17, '2022-12-04 15:13:19', '2022-12-04 15:13:19', NULL, NULL, NULL, 1),
	(18, '2022-12-04 15:13:19', '2022-12-04 15:13:19', NULL, NULL, NULL, 1),
	(19, '2022-12-04 15:13:19', '2022-12-04 15:13:19', NULL, NULL, NULL, 1),
	(20, '2022-12-04 15:13:19', '2022-12-04 15:13:19', NULL, NULL, NULL, 1),
	(21, '2022-12-04 15:13:19', '2022-12-04 15:13:19', NULL, NULL, NULL, 1),
	(22, '2022-12-04 15:13:19', '2022-12-04 15:13:19', NULL, NULL, NULL, 1),
	(23, '2022-12-04 15:13:19', '2022-12-04 15:13:19', NULL, NULL, NULL, 1),
	(24, '2022-12-04 15:13:19', '2022-12-04 15:13:19', NULL, NULL, NULL, 1),
	(25, '2022-12-04 15:13:19', '2022-12-04 15:13:19', NULL, NULL, NULL, 1),
	(26, '2022-12-04 15:13:19', '2022-12-04 15:13:19', NULL, NULL, NULL, 1),
	(27, '2022-12-04 15:13:19', '2022-12-04 15:13:19', NULL, NULL, NULL, 1),
	(28, '2022-12-04 15:13:19', '2022-12-04 15:13:19', NULL, NULL, NULL, 1),
	(29, '2022-12-04 15:13:19', '2022-12-04 15:13:19', NULL, NULL, NULL, 1),
	(30, '2022-12-04 15:13:19', '2022-12-04 15:13:19', NULL, NULL, NULL, 1),
	(31, '2022-12-04 15:13:19', '2022-12-04 15:13:19', NULL, NULL, NULL, 1),
	(32, '2022-12-04 15:13:19', '2022-12-04 15:13:19', NULL, NULL, NULL, 1),
	(33, '2022-12-04 15:13:19', '2022-12-04 15:13:19', NULL, NULL, NULL, 1),
	(34, '2022-12-04 15:13:19', '2022-12-04 15:13:19', NULL, NULL, NULL, 1),
	(35, '2022-12-04 15:13:19', '2022-12-04 15:13:19', NULL, NULL, NULL, 1),
	(36, '2022-12-04 15:13:19', '2022-12-04 15:13:19', NULL, NULL, NULL, 1),
	(37, '2022-12-04 15:13:19', '2022-12-04 15:13:19', NULL, NULL, NULL, 1),
	(38, '2022-12-04 15:13:19', '2022-12-04 15:13:19', NULL, NULL, NULL, 1),
	(39, '2022-12-04 15:13:19', '2022-12-04 15:13:19', NULL, NULL, NULL, 1),
	(40, '2022-12-04 15:13:19', '2022-12-04 15:13:19', NULL, NULL, NULL, 1),
	(41, '2022-12-04 15:13:19', '2022-12-04 15:13:19', NULL, NULL, NULL, 1),
	(42, '2022-12-04 15:13:19', '2022-12-04 15:13:19', NULL, NULL, NULL, 1),
	(43, '2022-12-04 15:13:19', '2022-12-04 15:13:19', NULL, NULL, NULL, 1),
	(44, '2022-12-04 15:13:19', '2022-12-04 15:13:19', NULL, NULL, NULL, 1),
	(45, '2022-12-04 15:13:19', '2022-12-04 15:13:19', NULL, NULL, NULL, 1),
	(46, '2022-12-04 15:13:19', '2022-12-04 15:13:19', NULL, NULL, NULL, 1),
	(47, '2022-12-04 15:13:19', '2022-12-04 15:13:19', NULL, NULL, NULL, 1),
	(48, '2022-12-04 15:13:19', '2022-12-04 15:13:19', NULL, NULL, NULL, 1),
	(49, '2022-12-04 15:13:19', '2022-12-04 15:13:19', NULL, NULL, NULL, 1),
	(50, '2022-12-04 15:13:19', '2022-12-04 15:13:19', NULL, NULL, NULL, 1),
	(51, '2022-12-04 15:13:19', '2022-12-04 15:13:19', NULL, NULL, NULL, 1),
	(52, '2022-12-04 15:13:19', '2022-12-04 15:13:19', NULL, NULL, NULL, 1),
	(53, '2022-12-04 15:13:19', '2022-12-04 15:13:19', NULL, NULL, NULL, 1),
	(54, '2022-12-04 15:13:19', '2022-12-04 15:13:19', NULL, NULL, NULL, 1),
	(55, '2022-12-04 15:13:19', '2022-12-04 15:13:19', NULL, NULL, NULL, 1),
	(56, '2022-12-04 15:13:19', '2022-12-04 15:13:19', NULL, NULL, NULL, 1),
	(57, '2022-12-04 15:13:19', '2022-12-04 15:13:19', NULL, NULL, NULL, 1),
	(58, '2022-12-04 15:13:19', '2022-12-04 15:13:19', NULL, NULL, NULL, 1),
	(59, '2022-12-04 15:13:19', '2022-12-04 15:13:19', NULL, NULL, NULL, 1),
	(60, '2022-12-04 15:13:19', '2022-12-04 15:13:19', NULL, NULL, NULL, 1),
	(61, '2022-12-04 15:13:19', '2022-12-04 15:13:19', NULL, NULL, NULL, 1),
	(62, '2022-12-04 15:13:19', '2022-12-04 15:13:19', NULL, NULL, NULL, 1),
	(63, '2022-12-04 15:13:19', '2022-12-04 15:13:19', NULL, NULL, NULL, 1),
	(64, '2022-12-04 15:13:19', '2022-12-04 15:13:19', NULL, NULL, NULL, 1),
	(65, '2022-12-04 15:13:19', '2022-12-04 15:13:19', NULL, NULL, NULL, 1),
	(66, '2022-12-04 15:13:19', '2022-12-04 15:13:19', NULL, NULL, NULL, 1),
	(67, '2022-12-04 15:13:19', '2022-12-04 15:13:19', NULL, NULL, NULL, 1),
	(68, '2022-12-04 15:13:19', '2022-12-04 15:13:19', NULL, NULL, NULL, 1),
	(69, '2022-12-04 15:13:19', '2022-12-04 15:13:19', NULL, NULL, NULL, 1),
	(70, '2022-12-04 15:13:19', '2022-12-04 15:13:19', NULL, NULL, NULL, 1),
	(71, '2022-12-04 15:13:19', '2022-12-04 15:13:19', NULL, NULL, NULL, 1),
	(72, '2022-12-04 15:13:19', '2022-12-04 15:13:19', NULL, NULL, NULL, 1),
	(73, '2022-12-04 15:13:19', '2022-12-04 15:13:19', NULL, NULL, NULL, 1),
	(74, '2022-12-04 15:13:19', '2022-12-04 15:13:19', NULL, NULL, NULL, 1),
	(75, '2022-12-04 15:13:19', '2022-12-04 15:13:19', NULL, NULL, NULL, 1),
	(76, '2022-12-04 15:13:19', '2022-12-04 15:13:19', NULL, NULL, NULL, 1),
	(77, '2022-12-04 15:13:19', '2022-12-04 15:13:19', NULL, NULL, NULL, 1),
	(78, '2022-12-04 15:13:19', '2022-12-04 15:13:19', NULL, NULL, NULL, 1),
	(79, '2022-12-04 15:13:19', '2022-12-04 15:13:19', NULL, NULL, NULL, 1),
	(80, '2022-12-04 15:13:19', '2022-12-04 15:13:19', NULL, NULL, NULL, 1),
	(81, '2022-12-04 15:13:19', '2022-12-04 15:13:19', NULL, NULL, NULL, 1),
	(82, '2022-12-04 15:13:19', '2022-12-04 15:13:19', NULL, NULL, NULL, 1),
	(83, '2022-12-04 15:13:19', '2022-12-04 15:13:19', NULL, NULL, NULL, 1),
	(84, '2022-12-04 15:13:19', '2022-12-04 15:13:19', NULL, NULL, NULL, 1),
	(85, '2022-12-04 15:13:19', '2022-12-04 15:13:19', NULL, NULL, NULL, 1),
	(86, '2022-12-04 15:13:19', '2022-12-04 15:13:19', NULL, NULL, NULL, 1),
	(87, '2022-12-04 15:13:19', '2022-12-04 15:13:19', NULL, NULL, NULL, 1),
	(88, '2022-12-04 15:13:19', '2022-12-04 15:13:19', NULL, NULL, NULL, 1),
	(89, '2022-12-04 15:13:19', '2022-12-04 15:13:19', NULL, NULL, NULL, 1),
	(90, '2022-12-04 15:13:19', '2022-12-04 15:13:19', NULL, NULL, NULL, 1),
	(91, '2022-12-04 15:13:19', '2022-12-04 15:13:19', NULL, NULL, NULL, 1),
	(92, '2022-12-04 15:13:19', '2022-12-04 15:13:19', NULL, NULL, NULL, 1),
	(93, '2022-12-04 15:13:19', '2022-12-04 15:13:19', NULL, NULL, NULL, 1),
	(94, '2022-12-04 15:13:19', '2022-12-04 15:13:19', NULL, NULL, NULL, 1),
	(95, '2022-12-04 15:13:19', '2022-12-04 15:13:19', NULL, NULL, NULL, 1),
	(96, '2022-12-04 15:13:19', '2022-12-04 15:13:19', NULL, NULL, NULL, 1),
	(97, '2022-12-04 15:13:19', '2022-12-04 15:13:19', NULL, NULL, NULL, 1),
	(98, '2022-12-04 15:13:19', '2022-12-04 15:13:19', NULL, NULL, NULL, 1),
	(99, '2022-12-04 15:13:19', '2022-12-04 15:13:19', NULL, NULL, NULL, 1),
	(100, '2022-12-04 15:13:19', '2022-12-04 15:13:19', NULL, NULL, NULL, 1),
	(101, '2022-12-04 15:13:19', '2022-12-04 15:13:19', NULL, NULL, NULL, 1),
	(102, '2022-12-04 15:13:19', '2022-12-04 15:13:19', NULL, NULL, NULL, 1),
	(103, '2022-12-04 15:13:19', '2022-12-04 15:13:19', NULL, NULL, NULL, 1);
/*!40000 ALTER TABLE `payment` ENABLE KEYS */;

-- Dumping structure for table datn.registration
DROP TABLE IF EXISTS `registration`;
CREATE TABLE IF NOT EXISTS `registration` (
  `id` int(11) NOT NULL AUTO_INCREMENT,
  `created_at` datetime NOT NULL DEFAULT current_timestamp(),
  `updated_at` datetime NOT NULL DEFAULT current_timestamp(),
  `studentId` int(11) DEFAULT NULL,
  `type` varchar(50) DEFAULT NULL,
  `status` int(11) DEFAULT NULL,
  `certificateId` int(11) DEFAULT NULL,
  `courseId` int(11) DEFAULT NULL,
  `paymentId` int(11) DEFAULT NULL,
  PRIMARY KEY (`id`),
  KEY `FK_registration_student` (`studentId`),
  KEY `FK_registration_certificate` (`certificateId`),
  KEY `FK_registration_payment` (`paymentId`),
  KEY `FK_registration_course` (`courseId`),
  CONSTRAINT `FK_registration_certificate` FOREIGN KEY (`certificateId`) REFERENCES `certificate` (`id`) ON DELETE NO ACTION ON UPDATE NO ACTION,
  CONSTRAINT `FK_registration_course` FOREIGN KEY (`courseId`) REFERENCES `course` (`id`) ON DELETE NO ACTION ON UPDATE NO ACTION,
  CONSTRAINT `FK_registration_payment` FOREIGN KEY (`paymentId`) REFERENCES `payment` (`id`) ON DELETE NO ACTION ON UPDATE NO ACTION,
  CONSTRAINT `FK_registration_student` FOREIGN KEY (`studentId`) REFERENCES `student` (`id`) ON DELETE NO ACTION ON UPDATE NO ACTION
) ENGINE=InnoDB AUTO_INCREMENT=134 DEFAULT CHARSET=latin1;

-- Dumping data for table datn.registration: ~133 rows (approximately)
/*!40000 ALTER TABLE `registration` DISABLE KEYS */;
INSERT INTO `registration` (`id`, `created_at`, `updated_at`, `studentId`, `type`, `status`, `certificateId`, `courseId`, `paymentId`) VALUES
	(1, '2022-12-04 15:13:19', '2022-12-11 10:34:45', 1, 'thi', 1, 3, NULL, 1),
	(2, '2022-12-04 15:13:19', '2022-12-04 15:13:19', 2, 'ôn', NULL, 2, 3, 2),
	(3, '2022-12-04 15:13:19', '2022-12-04 15:13:19', 3, 'ôn', NULL, 2, 4, 3),
	(4, '2022-12-04 15:13:19', '2022-12-04 15:13:19', 4, 'ôn', NULL, 2, 3, 4),
	(5, '2022-12-04 15:13:19', '2022-12-11 10:34:45', 5, 'thi', 1, 3, NULL, 5),
	(6, '2022-12-04 15:13:19', '2022-12-04 15:13:19', 6, 'ôn', NULL, 2, 3, 6),
	(7, '2022-12-04 15:13:19', '2022-12-11 10:34:45', 7, 'thi', 1, 1, NULL, 7),
	(8, '2022-12-04 15:13:19', '2022-12-04 15:13:19', 8, 'ôn', NULL, 1, 1, 8),
	(9, '2022-12-04 15:13:19', '2022-12-11 10:34:45', 8, 'thi', 1, 1, NULL, 8),
	(10, '2022-12-04 15:13:19', '2022-12-04 15:13:19', 9, 'ôn', NULL, 2, 3, 9),
	(11, '2022-12-04 15:13:19', '2022-12-11 10:34:45', 10, 'thi', 1, 2, NULL, 10),
	(12, '2022-12-04 15:13:19', '2022-12-11 10:34:45', 11, 'thi', 1, 2, NULL, 11),
	(13, '2022-12-04 15:13:19', '2022-12-04 15:13:19', 12, 'ôn', NULL, 1, 2, 12),
	(14, '2022-12-04 15:13:19', '2022-12-11 10:34:45', 12, 'thi', 1, 1, NULL, 12),
	(15, '2022-12-04 15:13:19', '2022-12-11 10:34:45', 13, 'thi', 1, 1, NULL, 13),
	(16, '2022-12-04 15:13:19', '2022-12-04 15:13:19', 14, 'ôn', NULL, 2, 3, 14),
	(17, '2022-12-04 15:13:19', '2022-12-11 10:34:45', 15, 'thi', 1, 3, NULL, 15),
	(18, '2022-12-04 15:13:19', '2022-12-04 15:13:19', 16, 'ôn', NULL, 1, 1, 16),
	(19, '2022-12-04 15:13:19', '2022-12-11 10:34:45', 16, 'thi', 1, 1, NULL, 16),
	(20, '2022-12-04 15:13:19', '2022-12-04 15:13:19', 17, 'ôn', NULL, 3, 5, 17),
	(21, '2022-12-04 15:13:19', '2022-12-11 10:34:45', 17, 'thi', 1, 3, NULL, 17),
	(22, '2022-12-04 15:13:19', '2022-12-04 15:13:19', 18, 'ôn', NULL, 1, 1, 18),
	(23, '2022-12-04 15:13:19', '2022-12-11 10:34:45', 18, 'thi', 1, 1, NULL, 18),
	(24, '2022-12-04 15:13:19', '2022-12-04 15:13:19', 19, 'ôn', NULL, 3, 6, 19),
	(25, '2022-12-04 15:13:19', '2022-12-11 10:34:45', 19, 'thi', 1, 3, NULL, 19),
	(26, '2022-12-04 15:13:19', '2022-12-04 15:13:19', 20, 'ôn', NULL, 2, 3, 20),
	(27, '2022-12-04 15:13:19', '2022-12-04 15:13:19', 21, 'ôn', NULL, 1, 1, 21),
	(28, '2022-12-04 15:13:19', '2022-12-11 10:34:45', 21, 'thi', 1, 1, NULL, 21),
	(29, '2022-12-04 15:13:19', '2022-12-04 15:13:19', 22, 'ôn', NULL, 1, 2, 22),
	(30, '2022-12-04 15:13:19', '2022-12-11 10:34:45', 22, 'thi', 1, 1, NULL, 22),
	(31, '2022-12-04 15:13:19', '2022-12-11 10:34:45', 23, 'thi', 1, 1, NULL, 23),
	(32, '2022-12-04 15:13:19', '2022-12-11 10:34:45', 24, 'thi', 1, 2, NULL, 24),
	(33, '2022-12-04 15:13:19', '2022-12-04 15:13:19', 25, 'ôn', NULL, 1, 1, 25),
	(34, '2022-12-04 15:13:19', '2022-12-11 10:34:45', 25, 'thi', 1, 1, NULL, 25),
	(35, '2022-12-04 15:13:19', '2022-12-11 10:34:45', 26, 'thi', 1, 2, NULL, 26),
	(36, '2022-12-04 15:13:19', '2022-12-11 10:34:45', 27, 'thi', 1, 1, NULL, 27),
	(37, '2022-12-04 15:13:19', '2022-12-11 10:34:45', 28, 'thi', 1, 2, NULL, 28),
	(38, '2022-12-04 15:13:19', '2022-12-04 15:13:19', 29, 'ôn', NULL, 3, 5, 29),
	(39, '2022-12-04 15:13:19', '2022-12-11 10:34:45', 29, 'thi', 1, 3, NULL, 29),
	(40, '2022-12-04 15:13:19', '2022-12-04 15:13:19', 30, 'ôn', NULL, 1, 1, 30),
	(41, '2022-12-04 15:13:19', '2022-12-11 10:34:45', 31, 'thi', 1, 2, NULL, 31),
	(42, '2022-12-04 15:13:19', '2022-12-04 15:13:19', 32, 'ôn', NULL, 3, 6, 32),
	(43, '2022-12-04 15:13:19', '2022-12-11 10:34:45', 32, 'thi', 1, 3, NULL, 32),
	(44, '2022-12-04 15:13:19', '2022-12-11 10:34:45', 33, 'thi', 1, 3, NULL, 33),
	(45, '2022-12-04 15:13:19', '2022-12-11 10:34:45', 34, 'thi', 1, 2, NULL, 34),
	(46, '2022-12-04 15:13:19', '2022-12-04 15:13:19', 35, 'ôn', NULL, 2, 3, 35),
	(47, '2022-12-04 15:13:19', '2022-12-11 10:34:45', 35, 'thi', 1, 2, NULL, 35),
	(48, '2022-12-04 15:13:19', '2022-12-11 10:34:45', 36, 'thi', 1, 3, NULL, 36),
	(49, '2022-12-04 15:13:19', '2022-12-11 10:34:45', 37, 'thi', 1, 1, NULL, 37),
	(50, '2022-12-04 15:13:19', '2022-12-04 15:13:19', 38, 'ôn', NULL, 3, 5, 38),
	(51, '2022-12-04 15:13:19', '2022-12-11 10:34:45', 38, 'thi', 1, 3, NULL, 38),
	(52, '2022-12-04 15:13:19', '2022-12-04 15:13:19', 39, 'ôn', NULL, 1, 1, 39),
	(53, '2022-12-04 15:13:19', '2022-12-04 15:13:19', 40, 'ôn', NULL, 1, 1, 40),
	(54, '2022-12-04 15:13:19', '2022-12-04 15:13:19', 41, 'ôn', NULL, 2, 3, 41),
	(55, '2022-12-04 15:13:19', '2022-12-04 15:13:19', 42, 'ôn', NULL, 3, 5, 42),
	(56, '2022-12-04 15:13:19', '2022-12-11 10:34:45', 42, 'thi', 1, 3, NULL, 42),
	(57, '2022-12-04 15:13:19', '2022-12-04 15:13:19', 43, 'ôn', NULL, 2, 3, 43),
	(58, '2022-12-04 15:13:19', '2022-12-04 15:13:19', 44, 'ôn', NULL, 3, 5, 44),
	(59, '2022-12-04 15:13:19', '2022-12-11 10:34:45', 44, 'thi', 1, 3, NULL, 44),
	(60, '2022-12-04 15:13:19', '2022-12-04 15:13:19', 45, 'ôn', NULL, 1, 2, 45),
	(61, '2022-12-04 15:13:19', '2022-12-11 10:34:45', 45, 'thi', 1, 1, NULL, 45),
	(62, '2022-12-04 15:13:19', '2022-12-04 15:13:19', 46, 'ôn', NULL, 2, 4, 46),
	(63, '2022-12-04 15:13:19', '2022-12-11 10:34:45', 47, 'thi', 1, 3, NULL, 47),
	(64, '2022-12-04 15:13:19', '2022-12-11 10:34:45', 48, 'thi', 1, 1, NULL, 48),
	(65, '2022-12-04 15:13:19', '2022-12-04 15:13:19', 49, 'ôn', NULL, 3, 6, 49),
	(66, '2022-12-04 15:13:19', '2022-12-11 10:34:45', 49, 'thi', 1, 3, NULL, 49),
	(67, '2022-12-04 15:13:19', '2022-12-11 10:34:45', 50, 'thi', 1, 1, NULL, 50),
	(68, '2022-12-04 15:13:19', '2022-12-04 15:13:19', 51, 'ôn', NULL, 3, 6, 51),
	(69, '2022-12-04 15:13:19', '2022-12-04 15:13:19', 52, 'ôn', NULL, 2, 4, 52),
	(70, '2022-12-04 15:13:19', '2022-12-04 15:13:19', 53, 'ôn', NULL, 1, 2, 53),
	(71, '2022-12-04 15:13:19', '2022-12-11 10:34:45', 54, 'thi', 1, 1, NULL, 54),
	(72, '2022-12-04 15:13:19', '2022-12-04 15:13:19', 55, 'ôn', NULL, 1, 1, 55),
	(73, '2022-12-04 15:13:19', '2022-12-04 15:13:19', 56, 'ôn', NULL, 1, 1, 56),
	(74, '2022-12-04 15:13:19', '2022-12-04 15:13:19', 57, 'ôn', NULL, 2, 3, 57),
	(75, '2022-12-04 15:13:19', '2022-12-11 10:34:45', 57, 'thi', 1, 2, NULL, 57),
	(76, '2022-12-04 15:13:19', '2022-12-04 15:13:19', 58, 'ôn', NULL, 2, 4, 58),
	(77, '2022-12-04 15:13:19', '2022-12-04 15:13:19', 59, 'ôn', NULL, 1, 2, 59),
	(78, '2022-12-04 15:13:19', '2022-12-11 10:34:45', 59, 'thi', 1, 1, NULL, 59),
	(79, '2022-12-04 15:13:19', '2022-12-11 10:34:45', 60, 'thi', 1, 3, NULL, 60),
	(80, '2022-12-04 15:13:19', '2022-12-04 15:13:19', 61, 'ôn', NULL, 2, 3, 61),
	(81, '2022-12-04 15:13:19', '2022-12-11 10:34:45', 61, 'thi', 1, 2, NULL, 61),
	(82, '2022-12-04 15:13:19', '2022-12-11 10:34:45', 62, 'thi', 1, 1, NULL, 62),
	(83, '2022-12-04 15:13:19', '2022-12-04 15:13:19', 63, 'ôn', NULL, 3, 6, 63),
	(84, '2022-12-04 15:13:19', '2022-12-11 10:34:45', 63, 'thi', 1, 3, NULL, 63),
	(85, '2022-12-04 15:13:19', '2022-12-04 15:13:19', 64, 'ôn', NULL, 1, 1, 64),
	(86, '2022-12-04 15:13:19', '2022-12-11 10:34:45', 64, 'thi', 1, 1, NULL, 64),
	(87, '2022-12-04 15:13:19', '2022-12-04 15:13:19', 65, 'ôn', NULL, 3, 5, 65),
	(88, '2022-12-04 15:13:19', '2022-12-04 15:13:19', 66, 'ôn', NULL, 2, 3, 66),
	(89, '2022-12-04 15:13:19', '2022-12-11 10:34:45', 67, 'thi', 1, 3, NULL, 67),
	(90, '2022-12-04 15:13:19', '2022-12-04 15:13:19', 68, 'ôn', NULL, 3, 5, 68),
	(91, '2022-12-04 15:13:19', '2022-12-04 15:13:19', 69, 'ôn', NULL, 3, 5, 69),
	(92, '2022-12-04 15:13:19', '2022-12-04 15:13:19', 70, 'ôn', NULL, 1, 2, 70),
	(93, '2022-12-04 15:13:19', '2022-12-04 15:13:19', 71, 'ôn', NULL, 3, 6, 71),
	(94, '2022-12-04 15:13:19', '2022-12-11 10:34:45', 71, 'thi', 1, 3, NULL, 71),
	(95, '2022-12-04 15:13:19', '2022-12-04 15:13:19', 72, 'ôn', NULL, 2, 3, 72),
	(96, '2022-12-04 15:13:19', '2022-12-04 15:13:19', 73, 'ôn', NULL, 2, 4, 73),
	(97, '2022-12-04 15:13:19', '2022-12-11 10:34:45', 73, 'thi', 1, 2, NULL, 73),
	(98, '2022-12-04 15:13:19', '2022-12-04 15:13:19', 74, 'ôn', NULL, 2, 3, 74),
	(99, '2022-12-04 15:13:19', '2022-12-04 15:13:19', 75, 'ôn', NULL, 2, 3, 75),
	(100, '2022-12-04 15:13:19', '2022-12-11 10:34:45', 76, 'thi', 1, 1, NULL, 76),
	(101, '2022-12-04 15:13:19', '2022-12-04 15:13:19', 77, 'ôn', NULL, 3, 5, 77),
	(102, '2022-12-04 15:13:19', '2022-12-11 10:34:45', 77, 'thi', 1, 3, NULL, 77),
	(103, '2022-12-04 15:13:19', '2022-12-04 15:13:19', 78, 'ôn', NULL, 2, 4, 78),
	(104, '2022-12-04 15:13:19', '2022-12-11 10:34:45', 78, 'thi', 1, 2, NULL, 78),
	(105, '2022-12-04 15:13:19', '2022-12-11 10:34:45', 79, 'thi', 1, 2, NULL, 79),
	(106, '2022-12-04 15:13:19', '2022-12-04 15:13:19', 80, 'ôn', NULL, 2, 3, 80),
	(107, '2022-12-04 15:13:19', '2022-12-11 10:34:45', 80, 'thi', 1, 2, NULL, 80),
	(108, '2022-12-04 15:13:19', '2022-12-04 15:13:19', 81, 'ôn', NULL, 3, 5, 81),
	(109, '2022-12-04 15:13:19', '2022-12-11 10:34:45', 81, 'thi', 1, 3, NULL, 81),
	(110, '2022-12-04 15:13:19', '2022-12-11 10:34:45', 82, 'thi', 1, 1, NULL, 82),
	(111, '2022-12-04 15:13:19', '2022-12-11 10:34:45', 83, 'thi', 1, 3, NULL, 83),
	(112, '2022-12-04 15:13:19', '2022-12-11 10:34:45', 84, 'thi', 1, 2, NULL, 84),
	(113, '2022-12-04 15:13:19', '2022-12-11 10:34:45', 85, 'thi', 1, 3, NULL, 85),
	(114, '2022-12-04 15:13:19', '2022-12-04 15:13:19', 86, 'ôn', NULL, 2, 3, 86),
	(115, '2022-12-04 15:13:19', '2022-12-11 10:34:45', 86, 'thi', 1, 2, NULL, 86),
	(116, '2022-12-04 15:13:19', '2022-12-04 15:13:19', 87, 'ôn', NULL, 3, 5, 87),
	(117, '2022-12-04 15:13:19', '2022-12-11 10:34:45', 88, 'thi', 1, 2, NULL, 88),
	(118, '2022-12-04 15:13:19', '2022-12-11 10:34:45', 89, 'thi', 1, 3, NULL, 89),
	(119, '2022-12-04 15:13:19', '2022-12-04 15:13:19', 90, 'ôn', NULL, 2, 3, 90),
	(120, '2022-12-04 15:13:19', '2022-12-11 10:34:45', 91, 'thi', 1, 2, NULL, 91),
	(121, '2022-12-04 15:13:19', '2022-12-04 15:13:19', 92, 'ôn', NULL, 3, 5, 92),
	(122, '2022-12-04 15:13:19', '2022-12-04 15:13:19', 93, 'ôn', NULL, 3, 5, 93),
	(123, '2022-12-04 15:13:19', '2022-12-04 15:13:19', 94, 'ôn', NULL, 2, 3, 94),
	(124, '2022-12-04 15:13:19', '2022-12-11 10:34:45', 95, 'thi', 1, 1, NULL, 95),
	(125, '2022-12-04 15:13:19', '2022-12-11 10:34:45', 96, 'thi', 1, 2, NULL, 96),
	(126, '2022-12-04 15:13:19', '2022-12-11 10:34:45', 97, 'thi', 1, 1, NULL, 97),
	(127, '2022-12-04 15:13:19', '2022-12-11 10:34:45', 98, 'thi', 1, 1, NULL, 98),
	(128, '2022-12-04 15:13:19', '2022-12-04 15:13:19', 99, 'ôn', NULL, 3, 5, 99),
	(129, '2022-12-04 15:13:19', '2022-12-11 10:34:45', 100, 'thi', 1, 2, NULL, 100),
	(130, '2022-12-04 15:13:19', '2022-12-04 15:13:19', 101, 'ôn', NULL, 1, 1, 101),
	(131, '2022-12-04 15:13:19', '2022-12-04 15:13:19', 102, 'ôn', NULL, 1, 2, 102),
	(132, '2022-12-04 15:13:19', '2022-12-11 10:34:45', 102, 'thi', 1, 1, NULL, 102),
	(133, '2022-12-04 15:13:19', '2022-12-04 15:13:19', 103, 'ôn', NULL, 2, 4, 103);
/*!40000 ALTER TABLE `registration` ENABLE KEYS */;

-- Dumping structure for table datn.student
DROP TABLE IF EXISTS `student`;
CREATE TABLE IF NOT EXISTS `student` (
  `id` int(11) NOT NULL AUTO_INCREMENT,
  `created_at` datetime NOT NULL DEFAULT current_timestamp(),
  `updated_at` datetime NOT NULL DEFAULT current_timestamp(),
  `firstName` varchar(255) CHARACTER SET utf8mb4 COLLATE utf8mb4_vietnamese_ci DEFAULT NULL,
  `lastName` varchar(255) CHARACTER SET utf8mb4 COLLATE utf8mb4_vietnamese_ci DEFAULT NULL,
  `gender` varchar(255) CHARACTER SET utf8mb4 COLLATE utf8mb4_vietnamese_ci DEFAULT NULL,
  `citizenId` varchar(255) DEFAULT NULL,
  `dayOfBirth` varchar(255) DEFAULT NULL,
  `monthOfBirth` varchar(255) DEFAULT NULL,
  `yearOfBirth` varchar(255) DEFAULT NULL,
  `placeOfBirth` varchar(255) CHARACTER SET utf8mb4 COLLATE utf8mb4_vietnamese_ci DEFAULT NULL,
  `phoneNumber` varchar(255) DEFAULT NULL,
  `email` varchar(255) DEFAULT NULL,
  `ethnic` varchar(255) CHARACTER SET utf8mb4 COLLATE utf8mb4_vietnamese_ci DEFAULT NULL,
  `code` varchar(50) DEFAULT NULL,
  `description` varchar(255) DEFAULT NULL,
  PRIMARY KEY (`id`),
  KEY `FK_student_ethnic` (`ethnic`),
  KEY `FK_student_city` (`placeOfBirth`),
  CONSTRAINT `FK_student_city` FOREIGN KEY (`placeOfBirth`) REFERENCES `city` (`name`) ON DELETE NO ACTION ON UPDATE NO ACTION,
  CONSTRAINT `FK_student_ethnic` FOREIGN KEY (`ethnic`) REFERENCES `ethnic` (`name`) ON DELETE NO ACTION ON UPDATE NO ACTION
) ENGINE=InnoDB AUTO_INCREMENT=104 DEFAULT CHARSET=latin1;

-- Dumping data for table datn.student: ~103 rows (approximately)
/*!40000 ALTER TABLE `student` DISABLE KEYS */;
INSERT INTO `student` (`id`, `created_at`, `updated_at`, `firstName`, `lastName`, `gender`, `citizenId`, `dayOfBirth`, `monthOfBirth`, `yearOfBirth`, `placeOfBirth`, `phoneNumber`, `email`, `ethnic`, `code`, `description`) VALUES
	(1, '2022-12-04 15:13:19', '2022-12-04 15:13:19', 'Nguyễn Tuấn', 'Anh', 'Nam', '000002486', '24', '04', '2000', 'Hà Nội', NULL, NULL, 'Kinh', '0000', NULL),
	(2, '2022-12-04 15:13:19', '2022-12-04 15:13:19', 'Phạm Tuấn', 'Anh', 'Nam', '000000609', '03', '06', '2000', 'Thái Bình', NULL, NULL, 'Kinh', '0000', NULL),
	(3, '2022-12-04 15:13:19', '2022-12-04 15:13:19', 'Phùng Quang', 'Anh', 'Nam', '000001586', '17', '09', '2000', 'Hà Nội', NULL, NULL, 'Kinh', '0000', NULL),
	(4, '2022-12-04 15:13:19', '2022-12-04 15:13:19', 'Nguyễn Xuân', 'Canh', 'Nam', '000001689', '09', '03', '2000', 'Hà Nội', NULL, NULL, 'Kinh', '0000', NULL),
	(5, '2022-12-04 15:13:19', '2022-12-04 15:13:19', 'Phạm Văn', 'Chương', 'Nam', '000001358', '25', '06', '2000', 'Nam Định', NULL, NULL, 'Kinh', '0000', NULL),
	(6, '2022-12-04 15:13:19', '2022-12-04 15:13:19', 'Nguyễn Văn', 'Dũng', 'Nam', '000001434', '05', '07', '2000', 'Nghệ An', NULL, NULL, 'Kinh', '0000', NULL),
	(7, '2022-12-04 15:13:19', '2022-12-04 15:13:19', 'Vũ Tuấn', 'Dương', 'Nam', '000001378', '01', '05', '2000', 'Ninh Bình', NULL, NULL, 'Kinh', '0000', NULL),
	(8, '2022-12-04 15:13:19', '2022-12-04 15:13:19', 'Lương Hoàng', 'Đạt', 'Nam', '000001879', '10', '05', '2000', 'Hà Nam', NULL, NULL, 'Kinh', '0000', NULL),
	(9, '2022-12-04 15:13:19', '2022-12-04 15:13:19', 'Ngô Xuân', 'Đạt', 'Nam', '000001428', '26', '10', '2000', 'Thanh Hóa', NULL, NULL, 'Kinh', '0000', NULL),
	(10, '2022-12-04 15:13:19', '2022-12-04 15:13:19', 'Tạ Thành', 'Đạt', 'Nam', '000001282', '14', '09', '2000', 'Hưng Yên', NULL, NULL, 'Kinh', '0000', NULL),
	(11, '2022-12-04 15:13:19', '2022-12-04 15:13:19', 'Nguyễn Đức', 'Đông', 'Nam', '000001650', '07', '03', '2000', 'Hà Nội', NULL, NULL, 'Kinh', '0000', NULL),
	(12, '2022-12-04 15:13:19', '2022-12-04 15:13:19', 'Đào Minh', 'Đức', 'Nam', '000001882', '29', '10', '2000', 'Thái Nguyên', NULL, NULL, 'Kinh', '0000', NULL),
	(13, '2022-12-04 15:13:19', '2022-12-04 15:13:19', 'Đào Văn', 'Hải', 'Nam', '000001809', '22', '06', '2000', 'Hà Nội', NULL, NULL, 'Kinh', '0000', NULL),
	(14, '2022-12-04 15:13:19', '2022-12-04 15:13:19', 'Đỗ Ngọc', 'Hải', 'Nam', '000001648', '28', '08', '2000', 'Hưng Yên', NULL, NULL, 'Kinh', '0000', NULL),
	(15, '2022-12-04 15:13:19', '2022-12-04 15:13:19', 'Vũ Tiến', 'Hiệu', 'Nam', '000001310', '09', '11', '2000', 'Thái Bình', NULL, NULL, 'Kinh', '0000', NULL),
	(16, '2022-12-04 15:13:19', '2022-12-04 15:13:19', 'Lê Công', 'Huy', 'Nam', '000000174', '12', '09', '2000', 'Hà Giang', NULL, NULL, 'Kinh', '0000', NULL),
	(17, '2022-12-04 15:13:19', '2022-12-04 15:13:19', 'Trần Trọng', 'Hòa', 'Nam', '000001878', '25', '02', '2000', 'Hòa Bình', NULL, NULL, 'Kinh', '0000', NULL),
	(18, '2022-12-04 15:13:19', '2022-12-04 15:13:19', 'Tạ Văn', 'Hoàng', 'Nam', '000001781', '13', '07', '2000', 'Hà Nội', NULL, NULL, 'Kinh', '0000', NULL),
	(19, '2022-12-04 15:13:19', '2022-12-04 15:13:19', 'Trần Phúc', 'Hưng', 'Nam', '000001460', '10', '09', '2000', 'Nam Định', NULL, NULL, 'Kinh', '0000', NULL),
	(20, '2022-12-04 15:13:19', '2022-12-04 15:13:19', 'Vũ Việt', 'Hưng', 'Nam', '000001488', '16', '09', '2000', 'Hà Nội', NULL, NULL, 'Kinh', '0000', NULL),
	(21, '2022-12-04 15:13:19', '2022-12-04 15:13:19', 'Nguyễn Quang', 'Khải', 'Nam', '000001527', '14', '08', '2000', 'Thái Bình', NULL, NULL, 'Kinh', '0000', NULL),
	(22, '2022-12-04 15:13:19', '2022-12-04 15:13:19', 'Trần Ngọc', 'Khánh', 'Nam', '000000516', '07', '02', '2000', 'Hà Nam', NULL, NULL, 'Kinh', '0000', NULL),
	(23, '2022-12-04 15:13:19', '2022-12-04 15:13:19', 'Nguyễn Phan', 'Linh', 'Nam', '000000013', '31', '08', '2000', 'Nghệ An', NULL, NULL, 'Kinh', '0000', NULL),
	(24, '2022-12-04 15:13:19', '2022-12-04 15:13:19', 'Bùi Đào Đức', 'Long', 'Nam', '000001507', '23', '09', '2000', 'Hà Nội', NULL, NULL, 'Kinh', '0000', NULL),
	(25, '2022-12-04 15:13:19', '2022-12-04 15:13:19', 'Đoàn Hải', 'Long', 'Nam', '000001680', '20', '03', '2000', 'Nam Định', NULL, NULL, 'Kinh', '0000', NULL),
	(26, '2022-12-04 15:13:19', '2022-12-04 15:13:19', 'Nguyễn Đức', 'Long', 'Nam', '000001775', '06', '11', '2000', 'Thái Nguyên', NULL, NULL, 'Kinh', '0000', NULL),
	(27, '2022-12-04 15:13:19', '2022-12-04 15:13:19', 'Nguyễn Thành', 'Long', 'Nam', '000001482', '13', '06', '2000', 'Hưng Yên', NULL, NULL, 'Kinh', '0000', NULL),
	(28, '2022-12-04 15:13:19', '2022-12-04 15:13:19', 'Vũ Đức', 'Mạnh', 'Nam', '000001448', '30', '12', '2000', 'Nam Định', NULL, NULL, 'Kinh', '0000', NULL),
	(29, '2022-12-04 15:13:19', '2022-12-04 15:13:19', 'Bùi Ngọc', 'Minh', 'Nam', '000001646', '05', '04', '2000', 'Thanh Hóa', NULL, NULL, 'Kinh', '0000', NULL),
	(30, '2022-12-04 15:13:19', '2022-12-04 15:13:19', 'Vũ Đức', 'Nhật', 'Nam', '000001688', '31', '10', '2000', 'Nam Định', NULL, NULL, 'Kinh', '0000', NULL),
	(31, '2022-12-04 15:13:19', '2022-12-04 15:13:19', 'Nguyễn Nhật', 'Minh', 'Nam', '000001757', '31', '08', '2000', 'Hà Nội', NULL, NULL, 'Kinh', '0000', NULL),
	(32, '2022-12-04 15:13:19', '2022-12-04 15:13:19', 'Nguyễn Quang', 'Minh', 'Nam', '000001622', '02', '04', '2000', 'Hà Nội', NULL, NULL, 'Kinh', '0000', NULL),
	(33, '2022-12-04 15:13:19', '2022-12-04 15:13:19', 'Nguyễn Tuấn', 'Minh', 'Nam', '000001872', '02', '01', '2000', 'Ninh Bình', NULL, NULL, 'Kinh', '0000', NULL),
	(34, '2022-12-04 15:13:19', '2022-12-04 15:13:19', 'Lê Trọng', 'Ninh', 'Nam', '000001290', '15', '03', '2000', 'Thái Bình', NULL, NULL, 'Kinh', '0000', NULL),
	(35, '2022-12-04 15:13:19', '2022-12-04 15:13:19', 'Nguyễn Ngọc', 'Phan', 'Nam', '000000034', '12', '09', '2000', 'Hà Nội', NULL, NULL, 'Kinh', '0000', NULL),
	(36, '2022-12-04 15:13:19', '2022-12-04 15:13:19', 'Trần Văn', 'Quang', 'Nam', '000001308', '11', '02', '2000', 'Nam Định', NULL, NULL, 'Kinh', '0000', NULL),
	(37, '2022-12-04 15:13:19', '2022-12-04 15:13:19', 'Vũ Trường', 'Sơn', 'Nam', '000001947', '01', '10', '2000', 'Hà Nội', NULL, NULL, 'Kinh', '0000', NULL),
	(38, '2022-12-04 15:13:19', '2022-12-04 15:13:19', 'Ngô Tiến', 'Thành', 'Nam', '000001330', '20', '03', '2000', 'Bắc Ninh', NULL, NULL, 'Kinh', '0000', NULL),
	(39, '2022-12-04 15:13:19', '2022-12-04 15:13:19', 'Trần Bá', 'Thánh', 'Nam', '000001676', '12', '12', '2000', 'Thanh Hóa', NULL, NULL, 'Kinh', '0000', NULL),
	(40, '2022-12-04 15:13:19', '2022-12-04 15:13:19', 'Từ Việt', 'Thảo', 'Nam', '000000076', '02', '04', '2000', 'Hà Nội', NULL, NULL, 'Kinh', '0000', NULL),
	(41, '2022-12-04 15:13:19', '2022-12-04 15:13:19', 'Nguyễn Trọng', 'Thủy', 'Nam', '000001554', '21', '02', '2000', 'Hà Tĩnh', NULL, NULL, 'Kinh', '0000', NULL),
	(42, '2022-12-04 15:13:19', '2022-12-04 15:13:19', 'Hoàng Anh', 'Tiến', 'Nam', '000001291', '21', '08', '2000', 'Hà Nội', NULL, NULL, 'Kinh', '0000', NULL),
	(43, '2022-12-04 15:13:19', '2022-12-04 15:13:19', 'Trần Văn', 'Tú', 'Nam', '000001814', '29', '05', '2000', 'Thái Nguyên', NULL, NULL, 'Kinh', '0000', NULL),
	(44, '2022-12-04 15:13:19', '2022-12-04 15:13:19', 'Nguyễn Minh', 'Vương', 'Nam', '000001379', '22', '08', '2000', 'Hà Nội', NULL, NULL, 'Kinh', '0000', NULL),
	(45, '2022-12-04 15:13:19', '2022-12-04 15:13:19', 'Bùi Văn', 'Tuân', 'Nam', '000001667', '07', '10', '2000', 'Bắc Ninh', NULL, NULL, 'Kinh', '0000', NULL),
	(46, '2022-12-04 15:13:19', '2022-12-04 15:13:19', 'Đàm Quang', 'Tuấn', 'Nam', '000001762', '01', '09', '2000', 'Hà Nội', NULL, NULL, 'Kinh', '0000', NULL),
	(47, '2022-12-04 15:13:19', '2022-12-04 15:13:19', 'Trương Danh', 'Tuấn', 'Nam', '000000008', '15', '11', '2000', 'Thanh Hóa', NULL, NULL, 'Kinh', '0000', NULL),
	(48, '2022-12-04 15:13:19', '2022-12-04 15:13:19', 'Trần Ngọc', 'Tuyến', 'Nam', '000001608', '01', '01', '2000', 'Hà Nội', NULL, NULL, 'Kinh', '0000', NULL),
	(49, '2022-12-04 15:13:19', '2022-12-04 15:13:19', 'Vũ Đình', 'Anh', 'Nam', '000000909', '11', '11', '2000', 'Hưng Yên', NULL, NULL, 'Kinh', '0000', NULL),
	(50, '2022-12-04 15:13:19', '2022-12-04 15:13:19', 'Nguyễn Ngọc Minh', 'Châm', 'Nữ', '000000151', '25', '11', '2000', 'Hưng Yên', NULL, NULL, 'Kinh', '0000', NULL),
	(51, '2022-12-04 15:13:19', '2022-12-04 15:13:19', 'Triệu Kim', 'Cúc', 'Nữ', '000000859', '27', '03', '2000', 'Tuyên Quang', NULL, NULL, 'Kinh', '0000', NULL),
	(52, '2022-12-04 15:13:19', '2022-12-04 15:13:19', 'Trần Thị Thu', 'Hiền', 'Nữ', '000001924', '18', '09', '2000', 'Hà Nội', NULL, NULL, 'Kinh', '0000', NULL),
	(53, '2022-12-04 15:13:19', '2022-12-04 15:13:19', 'Nguyễn Thị', 'Huệ', 'Nữ', '000001677', '26', '05', '2000', 'Bắc Ninh', NULL, NULL, 'Kinh', '0000', NULL),
	(54, '2022-12-04 15:13:19', '2022-12-04 15:13:19', 'Bùi Thị Ngọc', 'Linh', 'Nữ', '000001317', '22', '08', '2000', 'Hà Nội', NULL, NULL, 'Kinh', '0000', NULL),
	(55, '2022-12-04 15:13:19', '2022-12-04 15:13:19', 'Nguyễn Diệu', 'Linh', 'Nữ', '000003276', '05', '05', '2000', 'Phú Thọ', NULL, NULL, 'Kinh', '0000', NULL),
	(56, '2022-12-04 15:13:19', '2022-12-04 15:13:19', 'Nguyễn Thị', 'Mến', 'Nữ', '000000112', '18', '03', '2000', 'Thái Bình', NULL, NULL, 'Kinh', '0000', NULL),
	(57, '2022-12-04 15:13:19', '2022-12-04 15:13:19', 'Lê Thị Ngọc', 'Minh', 'Nữ', '000001472', '06', '03', '2000', 'Ninh Bình', NULL, NULL, 'Kinh', '0000', NULL),
	(58, '2022-12-04 15:13:19', '2022-12-04 15:13:19', 'Lê Thị Bích', 'Ngọc', 'Nữ', '000001625', '04', '10', '2000', 'Hà Nội', NULL, NULL, 'Kinh', '0000', NULL),
	(59, '2022-12-04 15:13:19', '2022-12-04 15:13:19', 'Nguyễn Thị', 'Nhung', 'Nữ', '000001756', '31', '10', '2000', 'Hưng Yên', NULL, NULL, 'Kinh', '0000', NULL),
	(60, '2022-12-04 15:13:19', '2022-12-04 15:13:19', 'Đỗ Thị', 'Phương', 'Nữ', '000001461', '10', '12', '2000', 'Thái Bình', NULL, NULL, 'Kinh', '0000', NULL),
	(61, '2022-12-04 15:13:19', '2022-12-04 15:13:19', 'Lê Thị Mai', 'Phương', 'Nữ', '000000138', '03', '10', '2000', 'Ninh Bình', NULL, NULL, 'Kinh', '0000', NULL),
	(62, '2022-12-04 15:13:19', '2022-12-04 15:13:19', 'Phạm Thị', 'Quyên', 'Nữ', '000000588', '14', '04', '2000', 'Tuyên Quang', NULL, NULL, 'Kinh', '0000', NULL),
	(63, '2022-12-04 15:13:19', '2022-12-04 15:13:19', 'Vương Thị', 'Quyến', 'Nữ', '000001969', '23', '02', '2000', 'Hà Nội', NULL, NULL, 'Kinh', '0000', NULL),
	(64, '2022-12-04 15:13:19', '2022-12-04 15:13:19', 'Nguyễn Diễm', 'Quỳnh', 'Nữ', '000001900', '09', '12', '2000', 'Hà Nội', NULL, NULL, 'Kinh', '0000', NULL),
	(65, '2022-12-04 15:13:19', '2022-12-04 15:13:19', 'Đỗ Thu', 'Thảo', 'Nữ', '000001594', '13', '09', '2000', 'Tuyên Quang', NULL, NULL, 'Kinh', '0000', NULL),
	(66, '2022-12-04 15:13:19', '2022-12-04 15:13:19', 'Mai Anh', 'Thúy', 'Nữ', '000001720', '29', '05', '2000', 'Nam Định', NULL, NULL, 'Kinh', '0000', NULL),
	(67, '2022-12-04 15:13:19', '2022-12-04 15:13:19', 'Dương Thị Thu', 'Trang', 'Nữ', '000001573', '01', '10', '2000', 'Hà Nội', NULL, NULL, 'Kinh', '0000', NULL),
	(68, '2022-12-04 15:13:19', '2022-12-04 15:13:19', 'Lương Thị Hải', 'Yến', 'Nữ', '000000907', '25', '10', '2000', 'Thanh Hóa', NULL, NULL, 'Kinh', '0000', NULL),
	(69, '2022-12-04 15:13:19', '2022-12-04 15:13:19', 'Dương Lan', 'Anh', 'Nữ', '000000060', '13', '11', '2000', 'Nam Định', NULL, NULL, 'Kinh', '0000', NULL),
	(70, '2022-12-04 15:13:19', '2022-12-04 15:13:19', 'Trần Thị', 'Anh', 'Nữ', '000001337', '01', '01', '2000', 'Thái Bình', NULL, NULL, 'Kinh', '0000', NULL),
	(71, '2022-12-04 15:13:19', '2022-12-04 15:13:19', 'Nguyễn Thị Phương', 'Chyền', 'Nữ', '000001610', '15', '02', '2000', 'Bắc Giang', NULL, NULL, 'Kinh', '0000', NULL),
	(72, '2022-12-04 15:13:19', '2022-12-04 15:13:19', 'Đỗ Thi Mai', 'Duyên', 'Nữ', '000001342', '10', '08', '2000', 'Nam Định', NULL, NULL, 'Kinh', '0000', NULL),
	(73, '2022-12-04 15:13:19', '2022-12-04 15:13:19', 'Vũ Thị', 'Hải', 'Nữ', '000001655', '02', '07', '2000', 'Ninh Bình', NULL, NULL, 'Kinh', '0000', NULL),
	(74, '2022-12-04 15:13:19', '2022-12-04 15:13:19', 'Lê Thị', 'Hoa', 'Nữ', '000001368', '10', '04', '2000', 'Thanh Hóa', NULL, NULL, 'Kinh', '0000', NULL),
	(75, '2022-12-04 15:13:19', '2022-12-04 15:13:19', 'Lê Thị Thùy', 'Linh', 'Nữ', '000001338', '21', '03', '2000', 'Hà Tĩnh', NULL, NULL, 'Kinh', '0000', NULL),
	(76, '2022-12-04 15:13:19', '2022-12-04 15:13:19', 'Cao Thị Mai', 'Phương', 'Nữ', '000001495', '24', '01', '2000', 'Hải Phòng', NULL, NULL, 'Kinh', '0000', NULL),
	(77, '2022-12-04 15:13:19', '2022-12-04 15:13:19', 'Nguyễn Bích', 'Phương', 'Nữ', '000001353', '08', '11', '2000', 'Hà Nội', NULL, NULL, 'Kinh', '0000', NULL),
	(78, '2022-12-04 15:13:19', '2022-12-04 15:13:19', 'Đỗ Thị Ngọc', 'Phượng', 'Nữ', '000001684', '12', '03', '2000', 'Hưng Yên', NULL, NULL, 'Kinh', '0000', NULL),
	(79, '2022-12-04 15:13:19', '2022-12-04 15:13:19', 'Nguyễn Thị Lan', 'Quỳnh', 'Nữ', '000001536', '22', '09', '2000', 'Hà Nội', NULL, NULL, 'Kinh', '0000', NULL),
	(80, '2022-12-04 15:13:19', '2022-12-04 15:13:19', 'Nguyễn Thị Thu', 'Trang', 'Nữ', '000001592', '25', '12', '2000', 'Thanh Hóa', NULL, NULL, 'Kinh', '0000', NULL),
	(81, '2022-12-04 15:13:19', '2022-12-04 15:13:19', 'Phạm Thị', 'Tươi', 'Nữ', '000001440', '28', '11', '2000', 'Hà Nội', NULL, NULL, 'Kinh', '0000', NULL),
	(82, '2022-12-04 15:13:19', '2022-12-04 15:13:19', 'Nguyễn Cẩm', 'Vy', 'Nữ', '000001735', '25', '03', '2000', 'Phú Thọ', NULL, NULL, 'Kinh', '0000', NULL),
	(83, '2022-12-04 15:13:19', '2022-12-04 15:13:19', 'Nguyễn Thị Phương', 'Thanh', 'Nữ', '000000160', '24', '11', '2000', 'Nam Định', NULL, NULL, 'Kinh', '0000', NULL),
	(84, '2022-12-04 15:13:19', '2022-12-04 15:13:19', 'Vũ Phúc Trường', 'An', 'Nam', '000001328', '21', '08', '2000', 'Nam Định', NULL, NULL, 'Kinh', '0000', NULL),
	(85, '2022-12-04 15:13:19', '2022-12-04 15:13:19', 'Phạm Duy', 'Anh', 'Nam', '000001771', '21', '03', '2000', 'Hà Nội', NULL, NULL, 'Kinh', '0000', NULL),
	(86, '2022-12-04 15:13:19', '2022-12-04 15:13:19', 'Phan Quốc', 'Anh', 'Nam', '000001769', '17', '08', '2000', 'Hà Nội', NULL, NULL, 'Kinh', '0000', NULL),
	(87, '2022-12-04 15:13:19', '2022-12-04 15:13:19', 'Ngô Xuân', 'Chinh', 'Nam', '000001691', '05', '10', '2000', 'Thái Bình', NULL, NULL, 'Kinh', '0000', NULL),
	(88, '2022-12-04 15:13:19', '2022-12-04 15:13:19', 'Nguyễn Việt', 'Cường', 'Nam', '000001751', '22', '01', '2000', 'Hà Nội', NULL, NULL, 'Kinh', '0000', NULL),
	(89, '2022-12-04 15:13:19', '2022-12-04 15:13:19', 'Trần Trung', 'Dũng', 'Nam', '000000109', '09', '08', '2000', 'Hà Nội', NULL, NULL, 'Kinh', '0000', NULL),
	(90, '2022-12-04 15:13:19', '2022-12-04 15:13:19', 'Nguyễn Văn', 'Duy', 'Nam', '000001831', '19', '11', '2000', 'Hà Nội', NULL, NULL, 'Kinh', '0000', NULL),
	(91, '2022-12-04 15:13:19', '2022-12-04 15:13:19', 'Trần Quang', 'Duyệt', 'Nam', '000001381', '21', '12', '2000', 'Hà Nam', NULL, NULL, 'Kinh', '0000', NULL),
	(92, '2022-12-04 15:13:19', '2022-12-04 15:13:19', 'Ngô Xuân', 'Đạt', 'Nam', '000001683', '29', '10', '2000', 'Hà Nội', NULL, NULL, 'Kinh', '0000', NULL),
	(93, '2022-12-04 15:13:19', '2022-12-04 15:13:19', 'Nguyễn Tiến', 'Đạt', 'Nam', '000001489', '12', '07', '2000', 'Hà Nội', NULL, NULL, 'Kinh', '0000', NULL),
	(94, '2022-12-04 15:13:19', '2022-12-04 15:13:19', 'Nguyễn Minh', 'Đức', 'Nam', '000001653', '11', '05', '2000', 'Hà Nội', NULL, NULL, 'Kinh', '0000', NULL),
	(95, '2022-12-04 15:13:19', '2022-12-04 15:13:19', 'Nguyễn Quang', 'Hải', 'Nam', '000001552', '03', '02', '2000', 'Hà Nội', NULL, NULL, 'Kinh', '0000', NULL),
	(96, '2022-12-04 15:13:19', '2022-12-04 15:13:19', 'Đặng Tuấn', 'Hiệp', 'Nam', '000001890', '16', '02', '2000', 'Ninh Bình', NULL, NULL, 'Kinh', '0000', NULL),
	(97, '2022-12-04 15:13:19', '2022-12-04 15:13:19', 'Nguyễn Dũng', 'Hiếu', 'Nam', '000001662', '22', '01', '2000', 'Hà Nội', NULL, NULL, 'Kinh', '0000', NULL),
	(98, '2022-12-04 15:13:19', '2022-12-04 15:13:19', 'Nguyễn Trung', 'Hiếu', 'Nam', '000000158', '29', '12', '2000', 'Bắc Giang', NULL, NULL, 'Kinh', '0000', NULL),
	(99, '2022-12-04 15:13:19', '2022-12-04 15:13:19', 'Tô Việt', 'Hoàng', 'Nam', '000001893', '08', '03', '2000', 'Thái Bình', NULL, NULL, 'Kinh', '0000', NULL),
	(100, '2022-12-04 15:13:19', '2022-12-04 15:13:19', 'Trần Như', 'Hoàng', 'Nam', '000001587', '16', '07', '2000', 'Nam Định', NULL, NULL, 'Kinh', '0000', NULL),
	(101, '2022-12-04 15:13:19', '2022-12-04 15:13:19', 'Nguyễn Hữu', 'Hợp', 'Nam', '000000624', '13', '01', '2000', 'Yên Bái', NULL, NULL, 'Kinh', '0000', NULL),
	(102, '2022-12-04 15:13:19', '2022-12-04 15:13:19', 'Nguyễn Mạnh', 'Hùng', 'Nam', '000001411', '25', '12', '2000', 'Hà Giang', NULL, NULL, 'Kinh', '0000', NULL),
	(103, '2022-12-04 15:13:19', '2022-12-04 15:13:19', 'Bùi Trung', 'Kiên', 'Nam', '000001473', '16', '01', '2000', 'Hà Nội', NULL, NULL, 'Kinh', '0000', NULL);
/*!40000 ALTER TABLE `student` ENABLE KEYS */;

-- Dumping structure for table datn.student_course_mapping
DROP TABLE IF EXISTS `student_course_mapping`;
CREATE TABLE IF NOT EXISTS `student_course_mapping` (
  `id` int(11) NOT NULL AUTO_INCREMENT,
  `created_at` datetime DEFAULT current_timestamp(),
  `updated_at` datetime DEFAULT current_timestamp(),
  `studentId` int(11) DEFAULT NULL,
  `courseId` int(11) DEFAULT NULL,
  PRIMARY KEY (`id`),
  KEY `FK_student_course_mapping_student` (`studentId`),
  KEY `FK_student_course_mapping_course` (`courseId`),
  CONSTRAINT `FK_student_course_mapping_course` FOREIGN KEY (`courseId`) REFERENCES `course` (`id`) ON DELETE NO ACTION ON UPDATE NO ACTION,
  CONSTRAINT `FK_student_course_mapping_student` FOREIGN KEY (`studentId`) REFERENCES `student` (`id`) ON DELETE NO ACTION ON UPDATE NO ACTION
) ENGINE=InnoDB AUTO_INCREMENT=66 DEFAULT CHARSET=latin1;

-- Dumping data for table datn.student_course_mapping: ~65 rows (approximately)
/*!40000 ALTER TABLE `student_course_mapping` DISABLE KEYS */;
INSERT INTO `student_course_mapping` (`id`, `created_at`, `updated_at`, `studentId`, `courseId`) VALUES
	(1, '2022-12-04 16:12:31', '2022-12-04 16:12:31', 9, 3),
	(2, '2022-12-04 16:12:31', '2022-12-04 16:12:31', 16, 1),
	(3, '2022-12-04 16:12:31', '2022-12-04 16:12:31', 17, 5),
	(4, '2022-12-04 16:12:31', '2022-12-04 16:12:31', 12, 2),
	(5, '2022-12-04 16:12:31', '2022-12-04 16:12:31', 4, 3),
	(6, '2022-12-04 16:12:31', '2022-12-04 16:12:31', 14, 3),
	(7, '2022-12-04 16:12:31', '2022-12-04 16:12:31', 2, 3),
	(8, '2022-12-04 16:12:31', '2022-12-04 16:12:31', 6, 3),
	(9, '2022-12-04 16:12:31', '2022-12-04 16:12:31', 8, 1),
	(10, '2022-12-04 16:12:31', '2022-12-04 16:12:31', 3, 4),
	(11, '2022-12-04 16:12:31', '2022-12-04 16:12:31', 18, 1),
	(12, '2022-12-04 16:12:31', '2022-12-04 16:12:31', 25, 1),
	(13, '2022-12-04 16:12:31', '2022-12-04 16:12:31', 19, 6),
	(14, '2022-12-04 16:12:31', '2022-12-04 16:12:31', 20, 3),
	(15, '2022-12-04 16:12:31', '2022-12-04 16:12:31', 21, 1),
	(16, '2022-12-04 16:12:31', '2022-12-04 16:12:31', 29, 5),
	(17, '2022-12-04 16:12:31', '2022-12-04 16:12:31', 22, 2),
	(18, '2022-12-04 16:12:31', '2022-12-04 16:12:31', 35, 3),
	(19, '2022-12-04 16:12:31', '2022-12-04 16:12:31', 30, 1),
	(20, '2022-12-04 16:12:31', '2022-12-04 16:12:31', 32, 6),
	(21, '2022-12-04 16:12:31', '2022-12-04 16:12:31', 39, 1),
	(22, '2022-12-04 16:12:31', '2022-12-04 16:12:31', 38, 5),
	(23, '2022-12-04 16:12:31', '2022-12-04 16:12:31', 40, 1),
	(24, '2022-12-04 16:12:31', '2022-12-04 16:12:31', 41, 3),
	(25, '2022-12-04 16:12:31', '2022-12-04 16:12:31', 42, 5),
	(26, '2022-12-04 16:12:31', '2022-12-04 16:12:31', 43, 3),
	(27, '2022-12-04 16:12:31', '2022-12-04 16:12:31', 44, 5),
	(28, '2022-12-04 16:12:31', '2022-12-04 16:12:31', 45, 2),
	(29, '2022-12-04 16:12:31', '2022-12-04 16:12:31', 49, 6),
	(30, '2022-12-04 16:12:31', '2022-12-04 16:12:31', 46, 4),
	(31, '2022-12-04 16:12:31', '2022-12-04 16:12:31', 51, 6),
	(32, '2022-12-04 16:12:31', '2022-12-04 16:12:31', 52, 4),
	(33, '2022-12-04 16:12:31', '2022-12-04 16:12:31', 53, 2),
	(34, '2022-12-04 16:12:31', '2022-12-04 16:12:31', 55, 1),
	(35, '2022-12-04 16:12:31', '2022-12-04 16:12:31', 56, 1),
	(36, '2022-12-04 16:12:31', '2022-12-04 16:12:31', 57, 3),
	(37, '2022-12-04 16:12:31', '2022-12-04 16:12:31', 58, 4),
	(38, '2022-12-04 16:12:31', '2022-12-04 16:12:31', 59, 2),
	(39, '2022-12-04 16:12:31', '2022-12-04 16:12:31', 61, 3),
	(40, '2022-12-04 16:12:31', '2022-12-04 16:12:31', 63, 6),
	(41, '2022-12-04 16:12:31', '2022-12-04 16:12:31', 64, 1),
	(42, '2022-12-04 16:12:31', '2022-12-04 16:12:31', 65, 5),
	(43, '2022-12-04 16:12:31', '2022-12-04 16:12:31', 66, 3),
	(44, '2022-12-04 16:12:31', '2022-12-04 16:12:31', 69, 5),
	(45, '2022-12-04 16:12:31', '2022-12-04 16:12:31', 68, 5),
	(46, '2022-12-04 16:12:31', '2022-12-04 16:12:31', 70, 2),
	(47, '2022-12-04 16:12:31', '2022-12-04 16:12:31', 71, 6),
	(48, '2022-12-04 16:12:31', '2022-12-04 16:12:31', 72, 3),
	(49, '2022-12-04 16:12:31', '2022-12-04 16:12:31', 73, 4),
	(50, '2022-12-04 16:12:31', '2022-12-04 16:12:31', 74, 3),
	(51, '2022-12-04 16:12:31', '2022-12-04 16:12:31', 75, 3),
	(52, '2022-12-04 16:12:31', '2022-12-04 16:12:31', 78, 4),
	(53, '2022-12-04 16:12:31', '2022-12-04 16:12:31', 77, 5),
	(54, '2022-12-04 16:12:31', '2022-12-04 16:12:31', 80, 3),
	(55, '2022-12-04 16:12:31', '2022-12-04 16:12:31', 81, 5),
	(56, '2022-12-04 16:12:31', '2022-12-04 16:12:31', 86, 3),
	(57, '2022-12-04 16:12:31', '2022-12-04 16:12:31', 87, 5),
	(58, '2022-12-04 16:12:31', '2022-12-04 16:12:31', 90, 3),
	(59, '2022-12-04 16:12:31', '2022-12-04 16:12:31', 92, 5),
	(60, '2022-12-04 16:12:31', '2022-12-04 16:12:31', 93, 5),
	(61, '2022-12-04 16:12:31', '2022-12-04 16:12:31', 94, 3),
	(62, '2022-12-04 16:12:31', '2022-12-04 16:12:31', 99, 5),
	(63, '2022-12-04 16:12:31', '2022-12-04 16:12:31', 101, 1),
	(64, '2022-12-04 16:12:31', '2022-12-04 16:12:31', 102, 2),
	(65, '2022-12-04 16:12:31', '2022-12-04 16:12:31', 103, 4);
/*!40000 ALTER TABLE `student_course_mapping` ENABLE KEYS */;

-- Dumping structure for table datn.student_exam_mapping
DROP TABLE IF EXISTS `student_exam_mapping`;
CREATE TABLE IF NOT EXISTS `student_exam_mapping` (
  `id` int(11) NOT NULL AUTO_INCREMENT,
  `created_at` datetime NOT NULL DEFAULT current_timestamp(),
  `updated_at` datetime NOT NULL DEFAULT current_timestamp(),
  `examId` int(11) DEFAULT NULL,
  `studentId` int(11) DEFAULT NULL,
  `room` varchar(50) DEFAULT NULL,
  `sbd` int(11) DEFAULT NULL,
  `start` time DEFAULT NULL,
  `end` time DEFAULT NULL,
  `practicalScore` int(11) DEFAULT NULL,
  `theoreticalScore` int(11) DEFAULT NULL,
  `status` int(11) DEFAULT NULL,
  PRIMARY KEY (`id`),
  KEY `FK_student_exam_mapping_exam` (`examId`),
  KEY `FK_student_exam_mapping_student` (`studentId`),
  CONSTRAINT `FK_student_exam_mapping_exam` FOREIGN KEY (`examId`) REFERENCES `exam` (`id`) ON DELETE NO ACTION ON UPDATE NO ACTION,
  CONSTRAINT `FK_student_exam_mapping_student` FOREIGN KEY (`studentId`) REFERENCES `student` (`id`) ON DELETE NO ACTION ON UPDATE NO ACTION
) ENGINE=InnoDB AUTO_INCREMENT=69 DEFAULT CHARSET=latin1;

-- Dumping data for table datn.student_exam_mapping: ~68 rows (approximately)
/*!40000 ALTER TABLE `student_exam_mapping` DISABLE KEYS */;
INSERT INTO `student_exam_mapping` (`id`, `created_at`, `updated_at`, `examId`, `studentId`, `room`, `sbd`, `start`, `end`, `practicalScore`, `theoreticalScore`, `status`) VALUES
	(1, '2022-12-11 18:52:09', '2022-12-12 16:24:16', 5, 17, '12c-1', 8, '07:30:00', '10:30:00', NULL, 9, NULL),
	(2, '2022-12-11 18:52:09', '2022-12-11 19:01:24', 5, 1, '12c-1', 1, '07:30:00', '10:30:00', NULL, NULL, NULL),
	(3, '2022-12-11 18:52:09', '2022-12-12 16:24:16', 5, 5, '12c-1', 4, '07:30:00', '10:30:00', NULL, 9, NULL),
	(4, '2022-12-11 18:52:09', '2022-12-12 16:24:16', 1, 7, 'd3f-1', 2, '07:30:00', '10:30:00', NULL, 10, NULL),
	(5, '2022-12-11 18:52:09', '2022-12-12 16:24:16', 1, 8, 'd3f-1', 3, '07:30:00', '10:30:00', NULL, 1, NULL),
	(6, '2022-12-11 18:52:09', '2022-12-12 16:24:16', 3, 10, 'asc-1', 5, '07:30:00', '10:30:00', NULL, 6, NULL),
	(7, '2022-12-11 18:52:09', '2022-12-12 16:24:16', 3, 11, 'asc-1', 6, '07:30:00', '10:30:00', NULL, 3, NULL),
	(8, '2022-12-11 18:52:09', '2022-12-12 16:24:16', 1, 21, 'd3f-2', 12, '07:30:00', '10:30:00', NULL, 0, NULL),
	(9, '2022-12-11 18:52:09', '2022-12-11 19:01:23', 1, 12, 'd3f-1', 4, '07:30:00', '10:30:00', NULL, NULL, NULL),
	(10, '2022-12-11 18:52:09', '2022-12-11 19:01:23', 1, 13, 'd3f-1', 5, '07:30:00', '10:30:00', NULL, NULL, NULL),
	(11, '2022-12-11 18:52:09', '2022-12-12 16:24:16', 5, 15, '12c-1', 7, '07:30:00', '10:30:00', NULL, 5, NULL),
	(12, '2022-12-11 18:52:09', '2022-12-12 16:24:16', 1, 16, 'd3f-2', 11, '07:30:00', '10:30:00', NULL, 7, NULL),
	(13, '2022-12-11 18:52:09', '2022-12-12 16:24:16', 1, 18, 'd3f-1', 9, '07:30:00', '10:30:00', NULL, 6, NULL),
	(14, '2022-12-11 18:52:09', '2022-12-12 16:24:16', 3, 24, 'asc-1', 10, '07:30:00', '10:30:00', NULL, 4, NULL),
	(15, '2022-12-11 18:52:09', '2022-12-11 19:01:24', 5, 19, '12c-1', 9, '07:30:00', '10:30:00', NULL, NULL, NULL),
	(16, '2022-12-11 18:52:09', '2022-12-12 16:24:16', 1, 22, 'd3f-2', 13, '07:30:00', '10:30:00', NULL, 5, NULL),
	(17, '2022-12-11 18:52:09', '2022-12-12 16:24:16', 1, 23, 'd3f-2', 15, '07:30:00', '10:30:00', NULL, 7, NULL),
	(18, '2022-12-11 18:52:09', '2022-12-11 19:01:24', 3, 26, 'asc-2', 11, '07:30:00', '10:30:00', NULL, NULL, NULL),
	(19, '2022-12-11 18:52:09', '2022-12-12 16:24:16', 1, 25, 'd3f-2', 16, '07:30:00', '10:30:00', NULL, 4, NULL),
	(20, '2022-12-11 18:52:09', '2022-12-12 16:24:16', 1, 27, 'd3f-2', 17, '07:30:00', '10:30:00', NULL, 0, NULL),
	(21, '2022-12-11 18:52:09', '2022-12-11 19:01:24', 3, 28, 'asc-2', 12, '07:30:00', '10:30:00', NULL, NULL, NULL),
	(22, '2022-12-11 18:52:09', '2022-12-12 16:24:16', 3, 31, 'asc-2', 14, '07:30:00', '10:30:00', NULL, 8, NULL),
	(23, '2022-12-11 18:52:09', '2022-12-11 19:01:24', 5, 29, '12c-1', 10, '07:30:00', '10:30:00', NULL, NULL, NULL),
	(24, '2022-12-11 18:52:09', '2022-12-11 19:01:24', 3, 34, 'asc-2', 15, '07:30:00', '10:30:00', NULL, NULL, NULL),
	(25, '2022-12-11 18:52:09', '2022-12-11 19:01:24', 3, 35, 'asc-2', 16, '07:30:00', '10:30:00', NULL, NULL, NULL),
	(26, '2022-12-11 18:52:09', '2022-12-11 19:01:24', 5, 36, '12c-2', 15, '07:30:00', '10:30:00', NULL, NULL, NULL),
	(27, '2022-12-11 18:52:09', '2022-12-11 19:01:24', 5, 32, '12c-2', 11, '07:30:00', '10:30:00', NULL, NULL, NULL),
	(28, '2022-12-11 18:52:09', '2022-12-11 19:01:24', 5, 33, '12c-2', 12, '07:30:00', '10:30:00', NULL, NULL, NULL),
	(29, '2022-12-11 18:52:09', '2022-12-11 19:01:24', 1, 37, 'd3f-3', 22, '07:30:00', '10:30:00', NULL, NULL, NULL),
	(30, '2022-12-11 18:52:09', '2022-12-11 19:01:24', 5, 38, '12c-2', 17, '07:30:00', '10:30:00', NULL, NULL, NULL),
	(31, '2022-12-11 18:52:09', '2022-12-12 16:24:16', 5, 42, '12c-2', 19, '07:30:00', '10:30:00', NULL, 1, NULL),
	(32, '2022-12-11 18:52:09', '2022-12-11 19:01:24', 5, 44, '12c-3', 23, '07:30:00', '10:30:00', NULL, NULL, NULL),
	(33, '2022-12-11 18:52:09', '2022-12-11 19:01:24', 1, 45, 'd3f-3', 23, '07:30:00', '10:30:00', NULL, NULL, NULL),
	(34, '2022-12-11 18:52:09', '2022-12-11 19:01:24', 5, 47, '12c-3', 21, '07:30:00', '10:30:00', NULL, NULL, NULL),
	(35, '2022-12-11 18:52:09', '2022-12-11 19:01:24', 1, 48, 'd3f-3', 24, '07:30:00', '10:30:00', NULL, NULL, NULL),
	(36, '2022-12-11 18:52:09', '2022-12-11 19:01:24', 3, 57, 'asc-2', 13, '07:30:00', '10:30:00', NULL, NULL, NULL),
	(37, '2022-12-11 18:52:09', '2022-12-11 19:01:24', 5, 49, '12c-1', 3, '07:30:00', '10:30:00', NULL, NULL, NULL),
	(38, '2022-12-11 18:52:09', '2022-12-11 19:01:23', 1, 50, 'd3f-1', 1, '07:30:00', '10:30:00', NULL, NULL, NULL),
	(39, '2022-12-11 18:52:09', '2022-12-12 16:24:16', 1, 59, 'd3f-2', 18, '07:30:00', '10:30:00', NULL, 4, NULL),
	(40, '2022-12-11 18:52:09', '2022-12-11 19:01:24', 5, 60, '12c-2', 13, '07:30:00', '10:30:00', NULL, NULL, NULL),
	(41, '2022-12-11 18:52:10', '2022-12-11 19:01:24', 1, 54, 'd3f-2', 14, '07:30:00', '10:30:00', NULL, NULL, NULL),
	(42, '2022-12-11 18:52:10', '2022-12-12 16:24:16', 1, 62, 'd3f-2', 20, '07:30:00', '10:30:00', NULL, 7, NULL),
	(43, '2022-12-11 18:52:10', '2022-12-11 19:01:24', 3, 61, 'asc-2', 18, '07:30:00', '10:30:00', NULL, NULL, NULL),
	(44, '2022-12-11 18:52:10', '2022-12-11 19:01:24', 5, 63, '12c-2', 16, '07:30:00', '10:30:00', NULL, NULL, NULL),
	(45, '2022-12-11 18:52:10', '2022-12-11 19:01:24', 1, 64, 'd3f-3', 21, '07:30:00', '10:30:00', NULL, NULL, NULL),
	(46, '2022-12-11 18:52:10', '2022-12-11 19:01:24', 5, 71, '12c-1', 5, '07:30:00', '10:30:00', NULL, NULL, NULL),
	(47, '2022-12-11 18:52:10', '2022-12-11 19:01:24', 3, 73, 'asc-1', 7, '07:30:00', '10:30:00', NULL, NULL, NULL),
	(48, '2022-12-11 18:52:10', '2022-12-11 19:01:24', 1, 76, 'd3f-2', 19, '07:30:00', '10:30:00', NULL, NULL, NULL),
	(49, '2022-12-11 18:52:10', '2022-12-11 19:01:24', 5, 77, '12c-2', 14, '07:30:00', '10:30:00', NULL, NULL, NULL),
	(50, '2022-12-11 18:52:10', '2022-12-11 19:01:24', 5, 67, '12c-2', 20, '07:30:00', '10:30:00', NULL, NULL, NULL),
	(51, '2022-12-11 18:52:10', '2022-12-11 19:01:24', 3, 78, 'asc-2', 17, '07:30:00', '10:30:00', NULL, NULL, NULL),
	(52, '2022-12-11 18:52:10', '2022-12-11 19:01:24', 3, 79, 'asc-2', 19, '07:30:00', '10:30:00', NULL, NULL, NULL),
	(53, '2022-12-11 18:52:10', '2022-12-11 19:01:24', 5, 89, '12c-1', 6, '07:30:00', '10:30:00', NULL, NULL, NULL),
	(54, '2022-12-11 18:52:10', '2022-12-11 19:01:24', 3, 80, 'asc-2', 20, '07:30:00', '10:30:00', NULL, NULL, NULL),
	(55, '2022-12-11 18:52:10', '2022-12-11 19:01:24', 5, 81, '12c-3', 22, '07:30:00', '10:30:00', NULL, NULL, NULL),
	(56, '2022-12-11 18:52:10', '2022-12-11 19:01:24', 1, 82, 'd3f-3', 25, '07:30:00', '10:30:00', NULL, NULL, NULL),
	(57, '2022-12-11 18:52:10', '2022-12-11 19:01:24', 5, 83, '12c-2', 18, '07:30:00', '10:30:00', NULL, NULL, NULL),
	(58, '2022-12-11 18:52:10', '2022-12-11 19:01:24', 3, 84, 'asc-1', 1, '07:30:00', '10:30:00', NULL, NULL, NULL),
	(59, '2022-12-11 18:52:10', '2022-12-11 19:01:24', 5, 85, '12c-1', 2, '07:30:00', '10:30:00', NULL, NULL, NULL),
	(60, '2022-12-11 18:52:10', '2022-12-11 19:01:24', 3, 88, 'asc-1', 3, '07:30:00', '10:30:00', NULL, NULL, NULL),
	(61, '2022-12-11 18:52:10', '2022-12-11 19:01:24', 3, 86, 'asc-1', 2, '07:30:00', '10:30:00', NULL, NULL, NULL),
	(62, '2022-12-11 18:52:10', '2022-12-11 19:01:23', 1, 98, 'd3f-1', 8, '07:30:00', '10:30:00', NULL, NULL, NULL),
	(63, '2022-12-11 18:52:10', '2022-12-11 19:01:24', 3, 96, 'asc-1', 8, '07:30:00', '10:30:00', NULL, NULL, NULL),
	(64, '2022-12-11 18:52:10', '2022-12-11 19:01:23', 1, 97, 'd3f-1', 7, '07:30:00', '10:30:00', NULL, NULL, NULL),
	(65, '2022-12-11 18:52:10', '2022-12-11 19:01:24', 3, 100, 'asc-1', 9, '07:30:00', '10:30:00', NULL, NULL, NULL),
	(66, '2022-12-11 18:52:10', '2022-12-11 19:01:23', 1, 95, 'd3f-1', 6, '07:30:00', '10:30:00', NULL, NULL, NULL),
	(67, '2022-12-11 18:52:10', '2022-12-11 19:01:24', 3, 91, 'asc-1', 4, '07:30:00', '10:30:00', NULL, NULL, NULL),
	(68, '2022-12-11 18:52:10', '2022-12-11 19:01:23', 1, 102, 'd3f-1', 10, '07:30:00', '10:30:00', NULL, NULL, NULL);
/*!40000 ALTER TABLE `student_exam_mapping` ENABLE KEYS */;

/*!40101 SET SQL_MODE=IFNULL(@OLD_SQL_MODE, '') */;
/*!40014 SET FOREIGN_KEY_CHECKS=IFNULL(@OLD_FOREIGN_KEY_CHECKS, 1) */;
/*!40101 SET CHARACTER_SET_CLIENT=@OLD_CHARACTER_SET_CLIENT */;
/*!40111 SET SQL_NOTES=IFNULL(@OLD_SQL_NOTES, 1) */;
