-- --------------------------------------------------------
-- Host:                         127.0.0.1
-- Server version:               10.7.3-MariaDB - mariadb.org binary distribution
-- Server OS:                    Win64
-- HeidiSQL Version:             11.3.0.6295
-- --------------------------------------------------------

/*!40101 SET @OLD_CHARACTER_SET_CLIENT=@@CHARACTER_SET_CLIENT */;
/*!40101 SET NAMES utf8 */;
/*!50503 SET NAMES utf8mb4 */;
/*!40014 SET @OLD_FOREIGN_KEY_CHECKS=@@FOREIGN_KEY_CHECKS, FOREIGN_KEY_CHECKS=0 */;
/*!40101 SET @OLD_SQL_MODE=@@SQL_MODE, SQL_MODE='NO_AUTO_VALUE_ON_ZERO' */;
/*!40111 SET @OLD_SQL_NOTES=@@SQL_NOTES, SQL_NOTES=0 */;


-- Dumping database structure for datn
DROP DATABASE IF EXISTS `datn`;
CREATE DATABASE IF NOT EXISTS `datn` /*!40100 DEFAULT CHARACTER SET latin1 */;
USE `datn`;

-- Dumping structure for table datn.account
DROP TABLE IF EXISTS `account`;
CREATE TABLE IF NOT EXISTS `account` (
  `id` int(11) NOT NULL AUTO_INCREMENT,
  `created_at` datetime NOT NULL DEFAULT current_timestamp(),
  `updated_at` datetime NOT NULL DEFAULT current_timestamp(),
  `email` varchar(255) NOT NULL,
  `password` varchar(255) NOT NULL,
  `name` varchar(255) DEFAULT NULL,
  PRIMARY KEY (`id`)
) ENGINE=InnoDB AUTO_INCREMENT=4 DEFAULT CHARSET=latin1;

-- Dumping data for table datn.account: ~2 rows (approximately)
/*!40000 ALTER TABLE `account` DISABLE KEYS */;
INSERT INTO `account` (`id`, `created_at`, `updated_at`, `email`, `password`, `name`) VALUES
	(1, '2022-10-04 16:12:49', '2022-10-04 16:12:49', 'admin@gmail.com', '$2b$10$C0mvGGMzFN0tjv9G35qsyuh/bKVCbfE86qhATDHY4rDM7M4kPlagW', NULL),
	(3, '2023-01-01 23:48:42', '2023-01-01 23:48:42', 'admin@email.com', '$2b$10$5hZ0zb4408dRHYk/GCver.SFm1dFYWrVAbD62NI4xG/HJQkNeDzbC', NULL);
/*!40000 ALTER TABLE `account` ENABLE KEYS */;

-- Dumping structure for table datn.certificate
DROP TABLE IF EXISTS `certificate`;
CREATE TABLE IF NOT EXISTS `certificate` (
  `id` int(11) NOT NULL AUTO_INCREMENT,
  `created_at` datetime NOT NULL DEFAULT current_timestamp(),
  `updated_at` datetime NOT NULL DEFAULT current_timestamp(),
  `name` varchar(255) CHARACTER SET utf8mb4 COLLATE utf8mb4_vietnamese_ci DEFAULT NULL,
  PRIMARY KEY (`id`)
) ENGINE=InnoDB AUTO_INCREMENT=4 DEFAULT CHARSET=latin1;

-- Dumping data for table datn.certificate: ~3 rows (approximately)
/*!40000 ALTER TABLE `certificate` DISABLE KEYS */;
INSERT INTO `certificate` (`id`, `created_at`, `updated_at`, `name`) VALUES
	(1, '2022-11-22 22:04:53', '2022-11-22 22:04:53', 'Công nghệ thông tin cơ bản'),
	(2, '2022-11-22 22:05:12', '2022-11-22 22:05:12', 'Công nghệ thông tin nâng cao'),
	(3, '2022-11-22 22:05:29', '2022-11-22 22:05:29', 'IC3, MOS');
/*!40000 ALTER TABLE `certificate` ENABLE KEYS */;

-- Dumping structure for table datn.city
DROP TABLE IF EXISTS `city`;
CREATE TABLE IF NOT EXISTS `city` (
  `id` int(11) NOT NULL AUTO_INCREMENT,
  `created_at` datetime NOT NULL DEFAULT current_timestamp(),
  `updated_at` datetime NOT NULL DEFAULT current_timestamp(),
  `name` varchar(255) CHARACTER SET utf8mb4 COLLATE utf8mb4_vietnamese_ci NOT NULL,
  PRIMARY KEY (`id`),
  UNIQUE KEY `name` (`name`)
) ENGINE=InnoDB AUTO_INCREMENT=64 DEFAULT CHARSET=latin1;

-- Dumping data for table datn.city: ~63 rows (approximately)
/*!40000 ALTER TABLE `city` DISABLE KEYS */;
INSERT INTO `city` (`id`, `created_at`, `updated_at`, `name`) VALUES
	(1, '2022-10-04 10:48:25', '2022-10-04 10:48:25', 'An Giang'),
	(2, '2022-10-04 10:48:38', '2022-10-04 10:48:38', 'Bà Rịa – Vũng Tàu'),
	(3, '2022-10-04 10:48:46', '2022-10-04 10:48:46', 'Bạc Liêu'),
	(4, '2022-10-04 10:48:50', '2022-10-04 10:48:50', 'Bắc Giang'),
	(5, '2022-10-04 10:49:01', '2022-10-04 10:49:01', 'Bắc Kạn'),
	(6, '2022-10-04 10:49:05', '2022-10-04 10:49:05', 'Bắc Ninh'),
	(7, '2022-10-04 10:49:09', '2022-10-04 10:49:09', 'Bến Tre'),
	(8, '2022-10-04 10:49:15', '2022-10-04 10:49:15', 'Bình Dương'),
	(9, '2022-10-04 10:49:18', '2022-10-04 10:49:18', 'Bình Định'),
	(10, '2022-10-04 10:49:30', '2022-10-04 10:49:30', 'Bình Phước'),
	(11, '2022-10-04 10:49:56', '2022-10-04 10:49:56', 'Bình Thuận'),
	(12, '2022-10-04 10:50:00', '2022-10-04 10:50:00', 'Cà Mau'),
	(13, '2022-10-04 10:50:04', '2022-10-04 10:50:04', 'Cao Bằng'),
	(14, '2022-10-04 10:50:07', '2022-10-04 10:50:07', 'Cần Thơ'),
	(15, '2022-10-04 10:50:11', '2022-10-04 10:50:11', 'Đà Nẵng'),
	(16, '2022-10-04 10:50:20', '2022-10-04 10:50:20', 'Đắk Lắk'),
	(17, '2022-10-04 10:50:24', '2022-10-04 10:50:24', 'Đắk Nông'),
	(18, '2022-10-04 10:50:28', '2022-10-04 10:50:28', 'Điện Biên'),
	(19, '2022-10-04 10:50:32', '2022-10-04 10:50:32', 'Đồng Nai'),
	(20, '2022-10-04 10:50:37', '2022-10-04 10:50:37', 'Đồng Tháp'),
	(21, '2022-10-04 10:50:40', '2022-10-04 10:50:40', 'Gia Lai'),
	(22, '2022-10-04 10:50:43', '2022-10-04 10:50:43', 'Hà Giang'),
	(23, '2022-10-04 10:51:01', '2022-10-04 10:51:01', 'Hà Nam'),
	(24, '2022-10-04 10:51:08', '2022-10-04 10:51:08', 'Hà Nội'),
	(25, '2022-10-04 10:51:10', '2022-10-04 10:51:10', 'Hà Tĩnh'),
	(26, '2022-10-04 10:51:19', '2022-10-04 10:51:19', 'Hải Dương'),
	(27, '2022-10-04 10:51:23', '2022-10-04 10:51:23', 'Hải Phòng'),
	(28, '2022-10-04 10:51:29', '2022-10-04 10:51:29', 'Hậu Giang'),
	(29, '2022-10-04 10:51:33', '2022-10-04 10:51:33', 'Hòa Bình'),
	(30, '2022-10-04 10:51:39', '2022-10-04 10:51:39', 'Thành phố Hồ Chí Minh'),
	(31, '2022-10-04 10:51:43', '2022-10-04 10:51:43', 'Hưng Yên'),
	(32, '2022-10-04 10:51:46', '2022-10-04 10:51:46', 'Khánh Hòa'),
	(33, '2022-10-04 10:51:49', '2022-10-04 10:51:49', 'Kiên Giang'),
	(34, '2022-10-04 10:51:52', '2022-10-04 10:51:52', 'Kon Tum'),
	(35, '2022-10-04 10:52:00', '2022-10-04 10:52:00', 'Lai Châu'),
	(36, '2022-10-04 10:52:04', '2022-10-04 10:52:04', 'Lạng Sơn'),
	(37, '2022-10-04 10:52:08', '2022-10-04 10:52:08', 'Lào Cai'),
	(38, '2022-10-04 10:52:11', '2022-10-04 10:52:11', 'Lâm Đồng'),
	(39, '2022-10-04 10:52:15', '2022-10-04 10:52:15', 'Long An'),
	(40, '2022-10-04 10:52:19', '2022-10-04 10:52:19', 'Nam Định'),
	(41, '2022-10-04 10:52:22', '2022-10-04 10:52:22', 'Nghệ An'),
	(42, '2022-10-04 10:52:25', '2022-10-04 10:52:25', 'Ninh Bình'),
	(43, '2022-10-04 10:52:29', '2022-10-04 10:52:29', 'Ninh Thuận'),
	(44, '2022-10-04 10:52:36', '2022-10-04 10:52:36', 'Phú Thọ'),
	(45, '2022-10-04 10:52:45', '2022-10-04 10:52:45', 'Phú Yên'),
	(46, '2022-10-04 10:52:56', '2022-10-04 10:52:56', 'Quảng Bình'),
	(47, '2022-10-04 10:52:59', '2022-10-04 10:52:59', 'Quảng Nam'),
	(48, '2022-10-04 10:53:02', '2022-10-04 10:53:02', 'Quảng Ngãi'),
	(49, '2022-10-04 10:53:04', '2022-10-04 10:53:04', 'Quảng Ninh'),
	(50, '2022-10-04 10:53:08', '2022-10-04 10:53:08', 'Quảng Trị'),
	(51, '2022-10-04 10:53:12', '2022-10-04 10:53:12', 'Sóc Trăng'),
	(52, '2022-10-04 10:53:15', '2022-10-04 10:53:15', 'Sơn La'),
	(53, '2022-10-04 10:53:19', '2022-10-04 10:53:19', 'Tây Ninh'),
	(54, '2022-10-04 10:53:38', '2022-10-04 10:53:38', 'Thái Bình'),
	(55, '2022-10-04 10:53:42', '2022-10-04 10:53:42', 'Thái Nguyên'),
	(56, '2022-10-04 10:53:45', '2022-10-04 10:53:45', 'Thanh Hóa'),
	(57, '2022-10-04 10:53:50', '2022-10-04 10:53:50', 'Thừa Thiên Huế'),
	(58, '2022-10-04 10:53:59', '2022-10-04 10:53:59', 'Tiền Giang'),
	(59, '2022-10-04 10:54:02', '2022-10-04 10:54:02', 'Trà Vinh'),
	(60, '2022-10-04 10:54:05', '2022-10-04 10:54:05', 'Tuyên Quang'),
	(61, '2022-10-04 10:54:09', '2022-10-04 10:54:09', 'Vĩnh Long'),
	(62, '2022-10-04 10:54:13', '2022-10-04 10:54:13', 'Vĩnh Phúc'),
	(63, '2022-10-04 10:54:16', '2022-10-04 10:54:16', 'Yên Bái');
/*!40000 ALTER TABLE `city` ENABLE KEYS */;

-- Dumping structure for table datn.course
DROP TABLE IF EXISTS `course`;
CREATE TABLE IF NOT EXISTS `course` (
  `id` int(11) NOT NULL AUTO_INCREMENT,
  `created_at` datetime DEFAULT current_timestamp(),
  `updated_at` datetime DEFAULT current_timestamp(),
  `name` varchar(255) CHARACTER SET utf8mb4 COLLATE utf8mb4_vietnamese_ci DEFAULT NULL,
  `code` varchar(50) DEFAULT NULL,
  `day` varchar(255) CHARACTER SET utf8mb4 COLLATE utf8mb4_vietnamese_ci DEFAULT NULL,
  `start` time DEFAULT NULL,
  `end` time DEFAULT NULL,
  `open` date DEFAULT NULL,
  `certificateId` int(11) DEFAULT NULL,
  `status` int(11) DEFAULT NULL,
  PRIMARY KEY (`id`),
  KEY `FK_course_certificate` (`certificateId`),
  CONSTRAINT `FK_course_certificate` FOREIGN KEY (`certificateId`) REFERENCES `certificate` (`id`) ON DELETE NO ACTION ON UPDATE NO ACTION
) ENGINE=InnoDB AUTO_INCREMENT=9 DEFAULT CHARSET=latin1;

-- Dumping data for table datn.course: ~6 rows (approximately)
/*!40000 ALTER TABLE `course` DISABLE KEYS */;
INSERT INTO `course` (`id`, `created_at`, `updated_at`, `name`, `code`, `day`, `start`, `end`, `open`, `certificateId`, `status`) VALUES
	(1, '2022-11-13 13:32:00', '2022-11-13 13:32:01', 'CNTT Cơ bản', 'CB001', '2, 4, 6', '13:00:00', '15:00:00', '2022-12-31', 1, NULL),
	(2, '2022-11-27 16:19:53', '2022-11-27 16:19:53', 'CNTT Cơ bản ', 'CB002', '3, 5, 7', '08:00:00', '10:00:00', '2023-01-01', 1, NULL),
	(3, '2022-12-04 15:55:03', '2022-12-04 15:55:04', 'CNTT Nâng cao', 'NC001', '2, 4, 6', '10:00:00', '12:00:00', '2023-12-04', 2, NULL),
	(4, '2022-12-04 15:56:31', '2022-12-04 15:56:31', 'CNTT Nâng cao', 'NC002', '3, 5, 7', '13:00:00', '15:00:00', '2023-12-04', 2, NULL),
	(5, '2022-12-04 15:56:40', '2022-12-04 15:56:39', 'IC3, MOS', 'IM001', '2, 4, 6', '15:00:00', '17:00:00', '2023-12-04', 3, NULL),
	(6, '2022-12-04 15:56:46', '2022-12-04 15:56:47', 'IC3, MOS', 'IM002', '3, 5, 7', '15:00:00', '17:00:00', '2023-12-04', 3, NULL);
/*!40000 ALTER TABLE `course` ENABLE KEYS */;

-- Dumping structure for table datn.ethnic
DROP TABLE IF EXISTS `ethnic`;
CREATE TABLE IF NOT EXISTS `ethnic` (
  `id` int(11) NOT NULL AUTO_INCREMENT,
  `created_at` datetime NOT NULL DEFAULT current_timestamp(),
  `updated_at` datetime NOT NULL DEFAULT current_timestamp(),
  `name` varchar(255) CHARACTER SET utf8mb4 COLLATE utf8mb4_vietnamese_ci NOT NULL,
  `description` varchar(255) CHARACTER SET utf8mb4 COLLATE utf8mb4_vietnamese_ci DEFAULT NULL,
  PRIMARY KEY (`id`),
  UNIQUE KEY `name` (`name`)
) ENGINE=InnoDB AUTO_INCREMENT=55 DEFAULT CHARSET=latin1;

-- Dumping data for table datn.ethnic: ~54 rows (approximately)
/*!40000 ALTER TABLE `ethnic` DISABLE KEYS */;
INSERT INTO `ethnic` (`id`, `created_at`, `updated_at`, `name`, `description`) VALUES
	(1, '2022-10-04 09:18:32', '2022-10-04 09:18:32', 'Kinh', 'Việt'),
	(2, '2022-10-04 09:18:48', '2022-10-04 09:18:48', 'Tày', 'Thổ, Ngạn, Phén, Thù Lao, Pa Dí, Tày Khao'),
	(3, '2022-10-04 09:19:02', '2022-10-04 09:19:02', 'Thái', 'Tày Đăm, Tày Mười, Tày Thanh, Mán Thanh, Hàng Bông, Tày Mường, Pa Thay, Thổ Đà Bắc'),
	(4, '2022-10-04 09:19:13', '2022-10-04 09:19:13', 'Hoa', 'Hán, Triều Châu, Phúc Kiến, Quảng Đông, Hải Nam, Hạ, Xạ Phạng'),
	(5, '2022-10-04 09:19:24', '2022-10-04 09:19:24', 'Khơ-me', 'Cur, Cul, Cu, Thổ, Việt gốc Miên, Krôm'),
	(6, '2022-10-04 09:19:35', '2022-10-04 09:19:35', 'Mường', 'Mol, Mual, Mọi, Mọi Bi, Ao Tá, Ậu Tá'),
	(7, '2022-10-04 09:19:45', '2022-10-04 09:19:45', 'Nùng', 'Xuồng, Giang, Nùng An, Phàn Sinh, Nùng Cháo, Nùng Lòi, Quý Rim, Khèn Lài'),
	(8, '2022-10-04 09:19:56', '2022-10-04 09:19:56', 'HMông', 'Mèo, Hoa, Mèo Xanh, Mèo Đỏ, Mèo Đen, Ná Mẻo, Mán Trắng'),
	(9, '2022-10-04 09:20:13', '2022-10-04 09:20:13', 'Dao', 'Mán, Động, Trại, Xá, Dìu, Miên, Kiềm, Miền, Quần Trắng, Dao Đỏ, Quần Chẹt, Lô Giang, Dao Tiền, Thanh Y, Lan Tẻn, Đại Bản, Tiểu Bản, Cóc Ngáng, Cóc Mùn, Sơn Đầu'),
	(10, '2022-10-04 09:20:32', '2022-10-04 09:20:32', 'Gia-rai', 'Giơ-rai, Tơ-buăn, Chơ-rai, Hơ-bau, Hđrung, Chor'),
	(11, '2022-10-04 09:20:42', '2022-10-04 09:20:42', 'Ngái', 'Xín, Lê, Đản, Khách Gia'),
	(12, '2022-10-04 09:20:51', '2022-10-04 09:20:51', 'Ê-đê', 'Ra-đê, Đê, Kpạ, A-đham, Krung, Ktul, Đliê Ruê, Blô, Epan, Mđhur, Bih'),
	(13, '2022-10-04 09:21:02', '2022-10-04 09:21:02', 'Ba na', 'Giơ-lar. Tơ-lô, Giơ-lâng, Y-lăng, Rơ-ngao, Krem, Roh, ConKđe, A-la Công, Kpăng Công, Bơ-nâm'),
	(14, '2022-10-04 09:21:14', '2022-10-04 09:21:14', 'Xơ-Đăng', 'Xơ-teng, Hđang, Tơ-đra, Mơ-nâm, Ha-lăng, Ca-dong, Kmrâng, ConLan, Bri-la, Tang'),
	(15, '2022-10-04 09:21:27', '2022-10-04 09:21:27', 'Sán Chay', 'Cao Lan, Sán Chỉ, Mán Cao Lan, Hờn Bạn, Sơn Tử'),
	(16, '2022-10-04 09:21:50', '2022-10-04 09:21:50', 'Cơ-ho', 'Xrê, Nốp, Tu-lốp, Cơ-don, Chil, Lat, Lach, Trinh'),
	(17, '2022-10-04 09:22:01', '2022-10-04 09:22:01', 'Chăm', 'Chàm, Chiêm Thành, Hroi'),
	(18, '2022-10-04 09:22:14', '2022-10-04 09:22:14', 'Sán Dìu', 'Sán Dẻo, Trại, Trại Đất, Mán, Quần Cộc'),
	(19, '2022-10-04 09:22:31', '2022-10-04 09:22:31', 'Hrê', 'Chăm Rê, Chom, Krẹ Luỹ'),
	(20, '2022-10-04 09:22:42', '2022-10-04 09:22:42', 'Mnông', 'Pnông, Nông, Pré, Bu-đâng, ĐiPri, Biat, Gar, Rơ-lam, Chil'),
	(21, '2022-10-04 09:22:57', '2022-10-04 09:22:57', 'Ra-glai', 'Ra-clây, Rai, Noang, La-oang'),
	(22, '2022-10-04 09:23:08', '2022-10-04 09:23:08', 'Xtiêng', 'Xa-điêng'),
	(23, '2022-10-04 09:23:21', '2022-10-04 09:23:21', 'Bru-Vân Kiều', 'Bru, Vân Kiều, Măng Coong, Tri Khùa'),
	(24, '2022-10-04 09:23:32', '2022-10-04 09:23:32', 'Thổ', 'Kẹo, Mọn, Cuối, Họ, Đan Lai, Ly Hà, Tày Pọng, Con Kha, Xá Lá Vàng'),
	(25, '2022-10-04 09:25:08', '2022-10-04 09:25:08', 'Giáy', 'Nhắng, Dẩng, Pầu Thìn Nu Nà, Cùi Chu, Xa'),
	(26, '2022-10-04 09:25:23', '2022-10-04 09:25:23', 'Cơ-tu', 'Ca-tu, Cao, Hạ, Phương, Ca-tang'),
	(27, '2022-10-04 09:25:34', '2022-10-04 09:25:34', 'Gié Triêng', 'Đgiéh, Tareb, Giang Rẫy Pin, Triêng, Treng, Ta-riêng, Ve, Veh, La-ve, Ca-tang'),
	(28, '2022-10-04 09:25:45', '2022-10-04 09:25:45', 'Mạ', 'Châu Mạ, Mạ Ngăn, Mạ Xóp, Mạ Tô, Mạ Krung'),
	(29, '2022-10-04 09:25:59', '2022-10-04 09:25:59', 'Khơ-mú', 'Xá Cẩu, Mứn Xen, Pu Thênh, Tềnh, Tày Hay'),
	(30, '2022-10-04 09:26:11', '2022-10-04 09:26:11', 'Co', 'Cor, Col, Cùa, Trầu'),
	(31, '2022-10-04 09:26:34', '2022-10-04 09:26:34', 'Tà-ôi', 'Tôi-ôi, Pa-co, Pa-hi, Ba-hi'),
	(32, '2022-10-04 09:26:48', '2022-10-04 09:26:48', 'Chơ-ro', 'Dơ-ro, Châu-ro'),
	(33, '2022-10-04 09:27:01', '2022-10-04 09:27:01', 'Kháng', 'Xá Khao, Xá Súa, Xá Dón, Xá Dẩng, Xá Hốc, Xá Ái, Xá Bung, Quảng Lâm'),
	(34, '2022-10-04 09:27:13', '2022-10-04 09:27:13', 'Xinh-mun', 'Puộc, Pụa'),
	(35, '2022-10-04 09:27:31', '2022-10-04 09:27:31', 'Hà Nhì', 'U Ni, Xá U Ni'),
	(36, '2022-10-04 09:27:43', '2022-10-04 09:27:43', 'Chu ru', 'Chơ-ru, Chu'),
	(37, '2022-10-04 09:27:53', '2022-10-04 09:27:53', 'Lào', 'Là Bốc, Lào Nọi'),
	(38, '2022-10-04 09:28:05', '2022-10-04 09:28:05', 'La Chí', 'Cù Tê, La Quả'),
	(39, '2022-10-04 09:28:17', '2022-10-04 09:28:17', 'La Ha', 'Xá Khao, Khlá Phlạo'),
	(40, '2022-10-04 09:28:31', '2022-10-04 09:28:31', 'Phù Lá', 'Bồ Khô Pạ, Mu Di Pạ Xá, Phó, Phổ, Va Xơ'),
	(41, '2022-10-04 09:28:46', '2022-10-04 09:28:46', 'La Hủ', 'Lao, Pu Đang, Khù Xung, Cò Xung, Khả Quy'),
	(42, '2022-10-04 09:28:57', '2022-10-04 09:28:57', 'Lự', 'Lừ, Nhuồn, Duôn'),
	(43, '2022-10-04 09:29:07', '2022-10-04 09:29:07', 'Lô Lô', 'Mun Di'),
	(44, '2022-10-04 09:29:18', '2022-10-04 09:29:18', 'Chứt', 'Sách, Máy, Rục, Mã-liêng, A-rem, Tu vang, Pa-leng, Xơ-Lang, Tơ-hung, Chà-củi, Tắc-củi, U-mo, Xá Lá Vàng'),
	(45, '2022-10-04 09:29:28', '2022-10-04 09:29:28', 'Mảng', 'Mảng Ư, Xá Lá Vàng'),
	(46, '2022-10-04 09:29:41', '2022-10-04 09:29:41', 'Pà Thẻn', 'Pà Hưng, Tống'),
	(47, '2022-10-04 09:29:51', '2022-10-04 09:29:51', 'Co Lao', NULL),
	(48, '2022-10-04 09:30:05', '2022-10-04 09:30:05', 'Cống', 'Xắm Khống, Mấng Nhé, Xá Xeng'),
	(49, '2022-10-04 09:30:21', '2022-10-04 09:30:21', 'Bố Y', 'Chủng Chá, Trọng Gia, Tu Di, Tu Din'),
	(50, '2022-10-04 09:30:37', '2022-10-04 09:30:37', 'Si La', 'Cù Dề Xừ, Khả pẻ'),
	(51, '2022-10-04 09:30:54', '2022-10-04 09:30:54', 'Pu Péo', 'Ka Pèo, Pen Ti Lô Lô'),
	(52, '2022-10-04 09:31:01', '2022-10-04 09:31:01', 'Brâu', 'Brao'),
	(53, '2022-10-04 09:31:13', '2022-10-04 09:31:13', 'Ơ Đu', 'Tày Hạt'),
	(54, '2022-10-04 09:31:22', '2022-10-04 09:31:22', 'Rơ măm', NULL);
/*!40000 ALTER TABLE `ethnic` ENABLE KEYS */;

-- Dumping structure for table datn.exam
DROP TABLE IF EXISTS `exam`;
CREATE TABLE IF NOT EXISTS `exam` (
  `id` int(11) NOT NULL AUTO_INCREMENT,
  `created_at` datetime NOT NULL DEFAULT current_timestamp(),
  `updated_at` datetime NOT NULL DEFAULT current_timestamp() ON UPDATE current_timestamp(),
  `name` varchar(255) DEFAULT NULL,
  `certificateId` int(11) DEFAULT NULL,
  `code` varchar(15) DEFAULT NULL,
  `date` date DEFAULT NULL,
  `series` int(11) DEFAULT NULL,
  PRIMARY KEY (`id`),
  KEY `FK_exam_certificate` (`certificateId`),
  CONSTRAINT `FK_exam_certificate` FOREIGN KEY (`certificateId`) REFERENCES `certificate` (`id`) ON DELETE NO ACTION ON UPDATE NO ACTION
) ENGINE=InnoDB AUTO_INCREMENT=12 DEFAULT CHARSET=utf8mb3;

-- Dumping data for table datn.exam: ~3 rows (approximately)
/*!40000 ALTER TABLE `exam` DISABLE KEYS */;
INSERT INTO `exam` (`id`, `created_at`, `updated_at`, `name`, `certificateId`, `code`, `date`, `series`) VALUES
	(1, '2022-11-13 14:14:19', '2022-12-26 11:25:36', 'Công nghệ thông tin cơ bản', 1, '1kmv', '2023-07-12', 2),
	(3, '2022-11-27 16:30:45', '2022-12-26 11:22:12', 'Công nghệ thông tin nâng cao', 2, '2lde', '2022-12-31', 2),
	(5, '2022-11-27 16:33:18', '2022-12-26 14:55:23', 'IC3, MOS', 3, '3npm', '2025-01-27', 3);
/*!40000 ALTER TABLE `exam` ENABLE KEYS */;

-- Dumping structure for table datn.feed
DROP TABLE IF EXISTS `feed`;
CREATE TABLE IF NOT EXISTS `feed` (
  `id` int(11) NOT NULL AUTO_INCREMENT,
  `created_at` datetime NOT NULL DEFAULT current_timestamp(),
  `updated_at` datetime NOT NULL DEFAULT current_timestamp() ON UPDATE current_timestamp(),
  `title` varchar(255) DEFAULT NULL,
  `thumbnail` varchar(255) DEFAULT NULL,
  `content` longtext DEFAULT NULL,
  `category` varchar(255) DEFAULT NULL,
  `authorId` int(11) DEFAULT NULL,
  PRIMARY KEY (`id`),
  KEY `FK_feed_account` (`authorId`),
  CONSTRAINT `FK_feed_account` FOREIGN KEY (`authorId`) REFERENCES `account` (`id`) ON DELETE NO ACTION ON UPDATE NO ACTION
) ENGINE=InnoDB AUTO_INCREMENT=20 DEFAULT CHARSET=utf8mb3;

-- Dumping data for table datn.feed: ~19 rows (approximately)
/*!40000 ALTER TABLE `feed` DISABLE KEYS */;
INSERT INTO `feed` (`id`, `created_at`, `updated_at`, `title`, `thumbnail`, `content`, `category`, `authorId`) VALUES
	(1, '2022-12-26 17:47:47', '2022-12-29 18:06:01', '03 – Thông báo tổ chức thi và cấp chứng chỉ tin học Ứng dụng công nghệ thông tin Cơ bản và Nâng cao – Dự kiến thi ngày 26, 27/02/2022', 'https://flic.edu.vn/wp-content/uploads/2021/09/cong-nghe-547x400.jpg', '<div class="entry-content single-page"> <p><iframe src="https://flic.edu.vn/wp-content/uploads/2022/01/03-TB-TO-CHUC-THI-CAP-CC-CNTT-CO-BAN-NANG-CAO-THI-NGAY-2627.02.2022.pdf" width="100%" height="800px"></iframe></p> <div class="chu-ky-trang"> <br> <h2>Thông tin liên hệ: </h2> <p><i class="home-icon"></i><span> 39 Hàm Nghi, Quận 1, Tp.HCM</span></p> <div class="row row-collapse" id="row-ckt"> <div class="col medium-4 small-12 large-4"> <div class="col-inner"> <i class="ckt-icons home-phone"></i> <a href="tel:02838214055">(028) 38.214.055</a> </div> </div> <div class="col medium-4 small-12 large-4"> <div class="col-inner"> <i class="ckt-icons icon-envelop"></i> <a href="mailto:info@flic.edu.vn">info@flic.edu.vn</a> </div> </div> <div class="col medium-4 small-12 large-4"> <div class="col-inner"> <i class="ckt-icons icon-phone"></i> <a href="tel:090990127">0909.901.277</a> </div> </div> <div class="col medium-12 small-12 large-12"> <div class="col-inner"> <p style="text-align:center;">Website: <a href="www.flic.edu.vn">www.flic.edu.vn</a> / <a href="www.buh.edu.vn">www.buh.edu.vn</a></p> </div> </div> </div> <p><i class="home-icon"></i><span> 56 Hoàng Diệu 2, Quận Thủ Đức, Tp.HCM</span></p> <div class="row row-collapse" id="row-2026296186"> <div class="col medium-4 small-12 large-4"> <div class="col-inner"> <i class="ckt-icons home-phone"></i> <a href="tel:02838971649">(028) 38.971.649</a> </div> </div> <div class="col medium-4 small-12 large-4"> <div class="col-inner"> <i class="ckt-icons icon-phone"></i> <a href="tel:02866813713">028.66.813.713</a> </div> </div> <div class="col medium-4 small-12 large-4"> <div class="col-inner"> <i class="ckt-icons icon-phone"></i> <a href="tel:0909901277">0909.901.277</a> </div> </div> </div> <br> </div> <div class="blog-share text-center"><div class="is-divider medium"></div><div class="social-icons share-icons share-row relative"><a href="//www.facebook.com/sharer.php?u=https://flic.edu.vn/03-thong-bao-to-chuc-thi-va-cap-chung-chi-tin-hoc-ung-dung-cong-nghe-thong-tin-co-ban-va-nang-cao-du-kien-thi-ngay-26-27-02-2022.html" data-label="Facebook" onclick="window.open(this.href,this.title,\'width=500,height=500,top=300px,left=300px\'); return false;" rel="noopener noreferrer nofollow" target="_blank" class="icon button circle is-outline tooltip facebook tooltipstered"><i class="icon-facebook"></i></a><a href="mailto:enteryour@addresshere.com?subject=03%20%26%238211%3B%20Th%C3%B4ng%20b%C3%A1o%20t%E1%BB%95%20ch%E1%BB%A9c%20thi%20v%C3%A0%20c%E1%BA%A5p%20ch%E1%BB%A9ng%20ch%E1%BB%89%20tin%20h%E1%BB%8Dc%20%E1%BB%A8ng%20d%E1%BB%A5ng%20c%C3%B4ng%20ngh%E1%BB%87%20th%C3%B4ng%20tin%20C%C6%A1%20b%E1%BA%A3n%20v%C3%A0%20N%C3%A2ng%20cao%20%26%238211%3B%20D%E1%BB%B1%20ki%E1%BA%BFn%20thi%20ng%C3%A0y%2026%2C%2027%2F02%2F2022&amp;body=Check%20this%20out:%20https://flic.edu.vn/03-thong-bao-to-chuc-thi-va-cap-chung-chi-tin-hoc-ung-dung-cong-nghe-thong-tin-co-ban-va-nang-cao-du-kien-thi-ngay-26-27-02-2022.html" rel="nofollow" class="icon button circle is-outline tooltip email tooltipstered"><i class="icon-envelop"></i></a></div></div></div>', 'Thông báo', 1),
	(2, '2022-12-26 18:29:39', '2022-12-29 18:06:02', 'ỨNG DỤNG CNTT CƠ BẢN', 'https://flic.edu.vn/wp-content/uploads/2020/02/thud-basic-2-610x400.png', '<div class="entry-content single-page"> <p style="text-align: center;" align="center"><span style="font-family: \'times new roman\', times, serif; font-size: 120%;"><strong>CHƯƠNG TRÌNH</strong></span></p> <p style="text-align: center;" align="center"><span style="font-family: \'times new roman\', times, serif; font-size: 120%;"><strong>ỨNG DỤNG CÔNG NGHỆ THÔNG TIN CƠ BẢN</strong></span></p> <p style="text-align: justify;"><span style="font-family: \'times new roman\', times, serif;"><em>&nbsp; <span style="font-size: 110%;">&nbsp; &nbsp;Căn cứ Thông tư số: 03/2014/TT-BTTTT ngày 11 tháng 3 năm 2014 của Bộ trưởng Bộ Thông tin và Truyền thông và Thông tư liên tịch số: 17/2016/TTLT-BGDĐT-BTTTT ngày 21 tháng 6 năm 2016 của Bộ trưởng Bộ Giáo dục và Đào tạo, Bộ trưởng Bộ Thông tin và Truyền thông.</span></em></span></p> <p style="text-align: justify;"><span style="font-family: \'times new roman\', times, serif; font-size: 110%;"><em>&nbsp; &nbsp; &nbsp;<span style="font-family: \'times new roman\', times, serif;">Căn cứ công văn&nbsp; số 4755/BGDĐT- GDTX ngày 26 tháng 9 năm 2016 của Bộ Giáo dục và Đào tạo cho phép Trường Đại học Ngân hàng Tp.HCM có Trung tâm Ngoại ngữ – Tin học đủ điều kiện đào tạo và tổ chức thi, cấp chứng chỉ Công nghệ thông tin.</span></em></span></p> <p style="text-align: justify;"><span style="font-family: \'times new roman\', times, serif; font-size: 110%;"><em>&nbsp; &nbsp; &nbsp;Căn cứ Quyết định số 2201/QĐ/ĐHNH ngày 03 tháng 11 năm 2016 của Trường Đại học Ngân hàng thành phố Hồ Chí Minh về việc giao nhiệm vụ đào tạo và tổ chức thi và cấp chứng chỉ Công nghệ thông tin cơ bản và năng cao cho Trung tâm Ngoại ngữ tin học.</em></span></p> <p style="text-align: justify;"><span style="font-size: 110%;"><em>&nbsp; &nbsp; &nbsp;</em><span style="font-family: \'times new roman\', times, serif;">Trung tâm Ngoại ngữ – Tin học, Trường Đại học Ngân hàng thành phố Hồ Chí Minh thông báo tổ chức đào tạo và tổ chức thi cấp chứng chỉ Tin học Ứng dụng CNTT cơ bản dành cho các đối tượng có nhu cầu như sau:</span></span></p> <p><span style="font-family: \'times new roman\', times, serif; font-size: 110%;"><strong>1. Mục tiêu chương trình</strong>:</span></p> <p style="text-align: justify;"><span style="font-family: \'times new roman\', times, serif; font-size: 110%;"><em>&nbsp; &nbsp; &nbsp;</em>Bồi dưỡng kiến thức và kỹ năng sử dụng Công nghệ thông tin cơ bản theo chuẩn kỹ năng sử dụng công nghệ thông tin. Cung cấp cho người học các kiến thức cơ bản về kỹ thuật số, những công việc có thể thực hiện được bằng máy tính. Người học sẽ trải nghiệm những chương trình phần mềm ứng dụng văn phòng phổ biến để xử lý tài liệu, bảng tính, bài trình chiếu theo tiêu chuẩn thông thường được sử dụng trong môi trường doanh nghiệp hay trường học. Người học được giới thiệu các khái niệm về Internet và cách thức làm việc trên Internet để giao tiếp, chia sẻ thông tin.</span></p> <p><span style="font-family: \'times new roman\', times, serif; font-size: 110%;"><strong>2.&nbsp; Đối tượng học viên</strong>:</span></p> <p><span style="font-family: \'times new roman\', times, serif; font-size: 110%;"><em>&nbsp; &nbsp; &nbsp;</em>Học viên chưa có kiến thức về tin học; Học viên muốn nắm bắt kỹ năng công nghệ thông tin phục vụ cho việc học tập và và công tác; Sinh viên Trường Đại học Ngân hàng Tp.HCM, các cá nhân khác có nhu cầu.</span></p> <p><span style="font-family: \'times new roman\', times, serif; font-size: 110%;"><strong>3. Cấu trúc chương trình</strong></span></p> <table style="width: 83.4832%; height: 171px;" border="1" cellspacing="0" cellpadding="0"> <tbody> <tr style="height: 55px;"> <td style="width: 146.624%; height: 55px;" colspan="2"> <p style="text-align: center;" align="center"><span style="font-family: \'times new roman\', times, serif; font-size: 110%;"><strong>Tên Module</strong></span></p> </td> </tr> <tr style="height: 26px;"> <td style="width: 51.5586%; height: 26px; text-align: left;"><span style="font-family: \'times new roman\', times, serif; font-size: 110%;">Module 1,2,6 (Mã IU01,02,06)</span></td> <td style="width: 95.0655%; height: 26px; text-align: left;"><span style="font-family: \'times new roman\', times, serif; font-size: 110%;">Kiến thức căn bản về sử dụng máy tính và Internet</span></td> </tr> <tr style="height: 27px;"> <td style="width: 51.5586%; height: 27px; text-align: left;"><span style="font-family: \'times new roman\', times, serif; font-size: 110%;">Module 3 (Mã IU03)</span></td> <td style="width: 95.0655%; height: 27px; text-align: left;"><span style="font-family: \'times new roman\', times, serif; font-size: 110%;">Xử lý văn bản cơ bản</span></td> </tr> <tr style="height: 27px;"> <td style="width: 51.5586%; height: 27px; text-align: left;"><span style="font-family: \'times new roman\', times, serif; font-size: 110%;">Module 4 (Mã IU04)</span></td> <td style="width: 95.0655%; height: 27px; text-align: left;"><span style="font-family: \'times new roman\', times, serif; font-size: 110%;">Xử lý bảng tính cơ bản</span></td> </tr> <tr style="height: 27px;"> <td style="width: 51.5586%; height: 27px; text-align: left;"><span style="font-family: \'times new roman\', times, serif; font-size: 110%;">Module 5 (Mã IU05)</span></td> <td style="width: 95.0655%; height: 27px; text-align: left;"><span style="font-family: \'times new roman\', times, serif; font-size: 110%;">Sử dụng trình chiếu cơ bản</span></td> </tr> </tbody> </table> <p><span style="font-family: \'times new roman\', times, serif; font-size: 110%;"><strong>4. Nội dung chương trình:</strong></span></p> <p><span style="font-family: \'times new roman\', times, serif; font-size: 110%;"><strong><u>Module1,2,6: (Mã IU01,02,06): Kiến thức căn bản về sử dụng máy tính và Internet</u></strong></span></p> <ul> <li><span style="font-family: \'times new roman\', times, serif; font-size: 110%;">Các kiến thức căn bản về máy tính, các kiến thức về cách sử dụng phần cứng máy tính, phần mềm, và hệ điều hành.</span></li> <li style="text-align: justify;"><span style="font-family: \'times new roman\', times, serif; font-size: 110%;">Các kiến thức khi làm việc trong môi trường Internet hoặc được kết nối mạng, kỹ năng sử dụng các ứng dụng cụ thể như phần mềm thư điện tử, trình duyệt Web, kỹ năng tìm kiếm và đánh giá thông tin, ứng dụng máy tính và Internet trong công việc và học tập.</span></li> </ul> <p><span style="font-family: \'times new roman\', times, serif; font-size: 110%;"><strong><u>Module 3 (Mã IU03): Xử lý văn bản cơ bản</u></strong></span></p> <ul> <li style="text-align: justify;"><span style="font-family: \'times new roman\', times, serif; font-size: 110%;">Cung cấp các kỹ năng căn bản để tạo và hiệu chỉnh những tài liệu cơ bản, bao gồm thư từ, báo cáo, biểu mẫu, … Người học sẽ thực hành trên hệ soạn thảo văn bản Microsoft Word.</span></li> </ul> <p><span style="font-family: \'times new roman\', times, serif; font-size: 110%;"><strong><u>Module 4 (Mã IU04): Xử lý bảng tính cơ bản</u></strong></span></p> <ul> <li style="text-align: justify;"><span style="font-family: \'times new roman\', times, serif; font-size: 110%;">Cung cấp các kỹ năng căn bản để làm việc với ứng dụng bảng tính, người học sẽ thực hành trên ứng dụng Microsoft Excel để nhập, định dạng bảng tính và công thức, điều hướng và quản lý bảng tính, sử dụng các công cụ phân tích dữ liệu, biểu diễn dữ liệu và in ấn bảng tính.</span></li> </ul> <p><span style="font-family: \'times new roman\', times, serif; font-size: 110%;"><strong><u>Module 5 (Mã IU05): Sử dụng trình chiếu cơ bản</u></strong></span></p> <ul> <li style="text-align: justify;"><span style="font-family: \'times new roman\', times, serif; font-size: 110%;">Cung cấp các kỹ năng thiết kế, quản lý các bản trình chiếu, người học thực hành trên ứng dụng Microsoft Powerpoint để thiết lập, tạo và chỉnh sửa các slide trình chiếu chứa văn bản, hình ảnh, đồ thị và các đối tượng đa phương tiện, chia sẻ bài trình chiếu đến nhiều phương tiện khác nhau</span></li> </ul> <p><span style="font-family: \'times new roman\', times, serif; font-size: 110%;"><strong>5.&nbsp; Kết quả đạt được:</strong></span></p> <ul> <li><span style="font-family: \'times new roman\', times, serif; font-size: 110%;">Học viên tham dự kỳ thi cuối khóa để được cấp chứng chỉ Tin học ứng dụng CNTT cơ bản.</span></li> <li style="text-align: justify;"><span style="font-family: \'times new roman\', times, serif; font-size: 110%;">Chứng chỉ Tin học ứng dụng CNTT cơ bản do Trường Đại học Ngân hàng Tp.HCM cấp có giá trị toàn quốc theo quy định của Bộ Giáo dục &amp; Đào tạo.</span></li> </ul> <p><span style="font-family: \'times new roman\', times, serif; font-size: 110%;"><strong>6. Ban giảng huấn</strong></span></p> <ul> <li><span style="font-family: \'times new roman\', times, serif; font-size: 110%;">Các giảng viên giàu kinh nghiệm của Trường Đại học Ngân hàng Tp.HCM</span></li> <li><span style="font-family: \'times new roman\', times, serif; font-size: 110%;">Các giảng viên từ các Trường Đại học danh tiếng khác trong nước.</span></li> </ul> <p><span style="font-family: \'times new roman\', times, serif; font-size: 110%;"><strong>7. Tài liệu nghiên cứu, học tập:</strong></span></p> <ul> <li><span style="font-family: \'times new roman\', times, serif; font-size: 110%;">Giáo trình và bài tập do Trường Đại học Ngân hàng Tp.HCM biên soạn</span></li> </ul> <p><img class="aligncenter wp-image-836 size-full" src="http://host2.thienminhweb.com/flic/wp-content/uploads/2020/02/thud-co-ban-cert.png" alt="" width="900" height="1212" srcset="https://flic.edu.vn/wp-content/uploads/2020/02/thud-co-ban-cert.png 900w, https://flic.edu.vn/wp-content/uploads/2020/02/thud-co-ban-cert-297x400.png 297w, https://flic.edu.vn/wp-content/uploads/2020/02/thud-co-ban-cert-594x800.png 594w, https://flic.edu.vn/wp-content/uploads/2020/02/thud-co-ban-cert-768x1034.png 768w" sizes="(max-width: 900px) 100vw, 900px"></p> <p><span style="font-size: 120%; font-family: \'times new roman\', times, serif;"><span style="color: #ed1c24;"><strong>Link đăng ký thông tin dự thi CNTTCB</strong></span>:&nbsp;<a href="https://forms.gle/enUnnb6o8dn3jqsU7">https://forms.gle/enUnnb6o8dn3jqsU7</a></span></p> <p><span style="font-family: \'times new roman\', times, serif; font-size: 130%;"><span style="color: #ed1c24;"><strong>Hồ sơ đăng ký dự thi gồm</strong></span>:</span></p> <p><span style="font-family: \'times new roman\', times, serif; font-size: 130%;">1. 01 đơn đăng ký dự thi in ở định dạng A5 (Mẫu đơn đăng ký dự thi : File đính kèm: <a href="http://flic.edu.vn/wp-content/uploads/2020/02/MAU-DON-DK-DU-THI-UNG-DUNG-CONG-NGHE-THONG-TIN.pdf" download="">Tải về</a></span></p> <p><span style="font-family: \'times new roman\', times, serif; font-size: 130%;">2. 02 giấy biên nhận hồ sơ ghép 2 mặt, in ở định dạng A5 (Mẫu biên nhận hồ sơ: File đính kèm: <a href="http://flic.edu.vn/wp-content/uploads/2020/02/1.-BIEN-NHAN-HO-SO-THI-CNTT-1.doc" download="">Tải về</a></span></p> <p><span style="font-family: \'times new roman\', times, serif; font-size: 130%;">3. 02 hình 3×4 – Không scan, phía sau ảnh ghi rõ họ tên, ngày tháng năm sinh, số CMND (Chụp không quá 6 tháng)</span></p> <p><span style="font-family: \'times new roman\', times, serif; font-size: 130%;">4. 01 CMND/Thẻ CCCD/Hộ chiếu có thị thực (Không quá 6 tháng)</span></p> <div class="chu-ky-trang"> <br> <h2>Thông tin liên hệ: </h2> <p><i class="home-icon"></i><span> 39 Hàm Nghi, Quận 1, Tp.HCM</span></p> <div class="row row-collapse" id="row-ckt"> <div class="col medium-4 small-12 large-4"> <div class="col-inner"> <i class="ckt-icons home-phone"></i> <a href="tel:02838214055">(028) 38.214.055</a> </div> </div> <div class="col medium-4 small-12 large-4"> <div class="col-inner"> <i class="ckt-icons icon-envelop"></i> <a href="mailto:info@flic.edu.vn">info@flic.edu.vn</a> </div> </div> <div class="col medium-4 small-12 large-4"> <div class="col-inner"> <i class="ckt-icons icon-phone"></i> <a href="tel:090990127">0909.901.277</a> </div> </div> <div class="col medium-12 small-12 large-12"> <div class="col-inner"> <p style="text-align:center;">Website: <a href="www.flic.edu.vn">www.flic.edu.vn</a> / <a href="www.buh.edu.vn">www.buh.edu.vn</a></p> </div> </div> </div> <p><i class="home-icon"></i><span> 56 Hoàng Diệu 2, Quận Thủ Đức, Tp.HCM</span></p> <div class="row row-collapse" id="row-2026296186"> <div class="col medium-4 small-12 large-4"> <div class="col-inner"> <i class="ckt-icons home-phone"></i> <a href="tel:02838971649">(028) 38.971.649</a> </div> </div> <div class="col medium-4 small-12 large-4"> <div class="col-inner"> <i class="ckt-icons icon-phone"></i> <a href="tel:02866813713">028.66.813.713</a> </div> </div> <div class="col medium-4 small-12 large-4"> <div class="col-inner"> <i class="ckt-icons icon-phone"></i> <a href="tel:0909901277">0909.901.277</a> </div> </div> </div> <br> </div> <div class="blog-share text-center"><div class="is-divider medium"></div><div class="social-icons share-icons share-row relative"><a href="//www.facebook.com/sharer.php?u=https://flic.edu.vn/ung-dung-cntt-co-ban.html" data-label="Facebook" onclick="window.open(this.href,this.title,\'width=500,height=500,top=300px,left=300px\'); return false;" rel="noopener noreferrer nofollow" target="_blank" class="icon button circle is-outline tooltip facebook tooltipstered"><i class="icon-facebook"></i></a><a href="mailto:enteryour@addresshere.com?subject=%E1%BB%A8NG%20D%E1%BB%A4NG%20CNTT%20C%C6%A0%20B%E1%BA%A2N&amp;body=Check%20this%20out:%20https://flic.edu.vn/ung-dung-cntt-co-ban.html" rel="nofollow" class="icon button circle is-outline tooltip email tooltipstered"><i class="icon-envelop"></i></a></div></div></div>', 'Các Khóa học', 1),
	(3, '2022-12-26 18:29:54', '2022-12-29 18:06:04', 'ỨNG DỤNG CNTT NÂNG CAO', 'https://flic.edu.vn/wp-content/uploads/2020/02/thud-advanced-2-720x400.png', '<div class="entry-content single-page"> <p style="text-align: center;" align="center"><span style="font-family: \'times new roman\', times, serif; font-size: 120%;"><strong>CHƯƠNG TRÌNH</strong></span></p> <p style="text-align: center;" align="center"><span style="font-family: \'times new roman\', times, serif; font-size: 120%;"><strong>ỨNG DỤNG CÔNG NGHỆ THÔNG TIN&nbsp;</strong><strong>NÂNG CAO</strong></span></p> <p style="text-align: justify;"><span style="font-family: \'times new roman\', times, serif; font-size: 110%;"><em>&nbsp; &nbsp; &nbsp;Căn cứ Thông tư số: 03/2014/TT-BTTTT ngày 11 tháng 3 năm 2014 của Bộ trưởng Bộ Thông tin và Truyền thông và Thông tư liên tịch số: 17/2016/TTLT-BGDĐT-BTTTT ngày 21 tháng 6 năm 2016 của Bộ trưởng Bộ Giáo dục và Đào tạo, Bộ trưởng Bộ Thông tin và Truyền thông.</em></span></p> <p style="text-align: justify;"><span style="font-family: \'times new roman\', times, serif; font-size: 110%;"><em>&nbsp; &nbsp; &nbsp;Căn cứ công văn&nbsp; số 4755/BGDĐT- GDTX ngày 26 tháng 9 năm 2016 của Bộ Giáo dục và Đào tạo cho phép Trường Đại học Ngân hàng Tp.HCM có Trung tâm Ngoại ngữ – Tin học đủ điều kiện đào tạo và tổ chức thi, cấp chứng chỉ Công nghệ thông tin.</em></span></p> <p style="text-align: justify;"><span style="font-family: \'times new roman\', times, serif; font-size: 110%;"><em>&nbsp; &nbsp; &nbsp;Căn cứ Quyết định số 2201/QĐ/ĐHNH ngày 03 tháng 11 năm 2016 của Trường Đại học Ngân hàng thành phố Hồ Chí Minh về việc giao nhiệm vụ đào tạo và tổ chức thi và cấp chứng chỉ Công nghệ thông tin cơ bản và năng cao cho Trung tâm Ngoại ngữ tin học.</em></span></p> <p style="text-align: justify;"><span style="font-family: \'times new roman\', times, serif; font-size: 110%;"><em>&nbsp; &nbsp; &nbsp;</em>Trung tâm Ngoại ngữ – Tin học, Trường Đại học Ngân hàng thành phố Hồ Chí Minh thông báo tổ chức đào tạo và tổ chức thi cấp chứng chỉ Tin học Ứng dụng CNTT nâng cao dành cho các đối tượng có nhu cầu như sau:</span></p> <p><span style="font-family: \'times new roman\', times, serif; font-size: 110%;"><strong>1. Mục tiêu chương trình</strong>:</span></p> <p style="text-align: justify;"><span style="font-family: \'times new roman\', times, serif; font-size: 110%;"><em>&nbsp; &nbsp; &nbsp;</em>Cung cấp cho người học kỹ năng chuyên sâu trong sử dụng&nbsp; phần mềm soạn thảo văn bản, phần mềm trình chiếu, phần mềm bảng tính các phần mềm MS Word, MS PowerPoint, MS Excel liên quan đến xử lý các văn bản lớn, phân tích bảng tính dữ liệu phức tạp, và tạo các bài trình chiếu chuyên nghiệp phục vụ cho nhu cầu nghiên cứu hay làm việc tại doanh nghiệp.</span></p> <p><span style="font-family: \'times new roman\', times, serif; font-size: 110%;"><strong>2.&nbsp; Đối tượng học viên</strong>: Học viên đã có chứng chỉ tin học CNTT cơ bản</span></p> <p><span style="font-family: \'times new roman\', times, serif; font-size: 110%;"><strong>3. Cấu trúc chương trình:</strong></span></p> <table style="width: 63.0236%; height: 117px;"> <tbody> <tr style="height: 51px;"> <td style="width: 172.49%; height: 51px;" colspan="2"> <p style="text-align: center;"><span style="font-family: \'times new roman\', times, serif; font-size: 110%;"><strong>Tên Module</strong></span></p> </td> </tr> <tr style="height: 22px;"> <td style="width: 43.6869%; height: 22px;"><span style="font-family: \'times new roman\', times, serif; font-size: 110%;">Module 7 (Mã IU07)</span></td> <td style="width: 128.803%; height: 22px;"><span style="font-family: \'times new roman\', times, serif; font-size: 110%;">Xử lý văn bản nâng cao</span></td> </tr> <tr style="height: 22px;"> <td style="width: 43.6869%; height: 22px;"><span style="font-family: \'times new roman\', times, serif; font-size: 110%;">Module 8 (Mã IU08)</span></td> <td style="width: 128.803%; height: 22px;"><span style="font-family: \'times new roman\', times, serif; font-size: 110%;">Sử dụng bảng tính nâng cao</span></td> </tr> <tr style="height: 22px;"> <td style="width: 43.6869%; height: 22px;"><span style="font-family: \'times new roman\', times, serif; font-size: 110%;">Module 9 (Mã IU09)</span></td> <td style="width: 128.803%; height: 22px;"><span style="font-family: \'times new roman\', times, serif; font-size: 110%;">Sử dụng trình chiếu nâng cao</span></td> </tr> </tbody> </table> <p><span style="font-family: \'times new roman\', times, serif; font-size: 110%;"><strong>4. Nội dung chương trình:</strong></span></p> <p><span style="font-family: \'times new roman\', times, serif; font-size: 110%;"><strong><em>&nbsp; &nbsp; &nbsp;</em>Module 7 (Mã IU07): Xử lý văn bản nâng cao</strong></span></p> <p><span style="font-family: \'times new roman\', times, serif; font-size: 110%;"><em>&nbsp; &nbsp; &nbsp;</em>Khóa học cung cấp các kiến thức và kỹ năng nâng cao để hiệu chỉnh những tài liệu, bao gồm thư từ, báo cáo, biểu mẫu, … Người học sẽ thực hành trên hệ soạn thảo văn bản Microsoft Word để định dạng văn bản, bảng biểu, thiết lập các tham chiếu và liên kết, mục lục, kết nối dữ liệu; trộn thư và quản lý truy cập, các phiên bảo tài liệu.</span></p> <p><span style="font-family: \'times new roman\', times, serif; font-size: 110%;"><strong><em>&nbsp; &nbsp; &nbsp;</em>Module 8 (Mã IU08):</strong><strong>Sử dụng bảng tính nâng cao</strong></span></p> <p><span style="font-family: \'times new roman\', times, serif; font-size: 110%;"><em>&nbsp; &nbsp; &nbsp;</em>Khóa học cung cấp kiến thức và kỹ năng nâng để làm việc với ứng dụng bảng tính, người học sẽ thực hành trên ứng dụng Microsoft Excel để xây dựng các công thức, hàm phức tạp, nhiều mức, các tham chiếu hỗn hợp, định dạng đồ thị, các công cụ phân tích dữ liệu trong bảng tính, nạp và trích xuất dữ liệu cho các cơ sở dữ liệu khác, định dạng dữ liệu có điều kiện, sắp xếp và trích lọc dữ liệu điều kiện nâng cao.</span></p> <p><span style="font-family: \'times new roman\', times, serif; font-size: 110%;"><strong><em>&nbsp; &nbsp; &nbsp;</em>Module 9 (Mã IU09):</strong><strong>Sử dụng trình chiếu nâng cao</strong></span></p> <p><span style="font-family: \'times new roman\', times, serif; font-size: 110%;"><em>&nbsp; &nbsp; &nbsp;</em>Khóa học cung cấp kiến thức và kỹ năng nâng cao để thiết kế, quản lý các bản trình chiếu, người học thực hành trên ứng dụng Microsoft Powerpoint để thiết lập, chỉnh sửa các slide trình chiếu chứa văn bản, xử lý các đối tượng hình ảnh, đồ họa, đồ thị và nhúng các đối tượng đa phương tiện, chia sẻ bài trình chiếu đến nhiều phương tiện khác nhau, quản lý bài trình chiếu, xử lý các sự cố có thể xảy ra trong quá trình trình chiếu.</span></p> <p><span style="font-family: \'times new roman\', times, serif; font-size: 110%;"><strong>5.&nbsp; Kết quả đạt được:</strong></span></p> <ul> <li><span style="font-family: \'times new roman\', times, serif; font-size: 110%;">Học viên tham dự kỳ thi cuối khóa để được cấp chứng chỉ Tin học kỹ năng ứng dụng CNTT nâng cao.</span></li> <li><span style="font-family: \'times new roman\', times, serif; font-size: 110%;">Chứng chỉ Tin học kỹ năng ứng dụng CNTT nâng cao&nbsp; do Trường Đại học Ngân hàng Tp.HCM cấp có giá trị toàn quốc theo quy định của Bộ Giáo dục &amp; Đào tạo.</span></li> </ul> <p><span style="font-family: \'times new roman\', times, serif; font-size: 110%;"><strong>6. Ban giảng huấn:</strong></span></p> <ul> <li><span style="font-family: \'times new roman\', times, serif; font-size: 110%;">Các giảng viên giàu kinh nghiệm của Trường Đại học Ngân hàng Tp.HCM</span></li> <li><span style="font-family: \'times new roman\', times, serif; font-size: 110%;">Các giảng viên từ các Trường Đại học danh tiếng trong nước khác.</span></li> </ul> <p><span style="font-family: \'times new roman\', times, serif; font-size: 110%;"><strong>7. Tài liệu nghiên cứu, học tập:</strong></span></p> <ul> <li><span style="font-family: \'times new roman\', times, serif; font-size: 110%;">Giáo trình và bài tập do Trường Đại học Ngân hàng Tp.HCM biên soạn</span></li> </ul> <p><img class="wp-image-837 size-full aligncenter" src="http://host2.thienminhweb.com/flic/wp-content/uploads/2020/02/thud-nang-cao-cert.png" alt="" width="900" height="1214" srcset="https://flic.edu.vn/wp-content/uploads/2020/02/thud-nang-cao-cert.png 900w, https://flic.edu.vn/wp-content/uploads/2020/02/thud-nang-cao-cert-297x400.png 297w, https://flic.edu.vn/wp-content/uploads/2020/02/thud-nang-cao-cert-593x800.png 593w, https://flic.edu.vn/wp-content/uploads/2020/02/thud-nang-cao-cert-768x1036.png 768w" sizes="(max-width: 900px) 100vw, 900px"></p> <p>&nbsp;</p> <p><span style="font-size: 120%; font-family: \'times new roman\', times, serif;"><span style="color: #ed1c24;">Link đăng ký thông tin dự thi CNTTNC</span>:<span style="font-size: 130%;">&nbsp;<a href="https://forms.gle/enUnnb6o8dn3jqsU7">https://forms.gle/enUnnb6o8dn3jqsU7</a></span></span></p> <p><span style="font-family: \'times new roman\', times, serif; font-size: 130%;"><span style="color: #ed1c24;"><strong>Hồ sơ đăng ký dự thi gồm</strong></span>: </span></p> <p><span style="font-family: \'times new roman\', times, serif; font-size: 120%;">1. 01 Đơn đăng ký dự thi in ở định dạng A5 (Mẫu đơn đăng ký dự thi : File đính kèm: <span style="color: #ff0000;"><a style="color: #ff0000;" href="http://flic.edu.vn/wp-content/uploads/2020/02/MAU-DON-DK-DU-THI-UNG-DUNG-CONG-NGHE-THONG-TIN.pdf" download="">Tải về</a></span></span></p> <p><span style="font-family: \'times new roman\', times, serif; font-size: 120%;">2. 02 Giấy biên nhận hồ sơ ghép 2 mặt, in ở định dạng A5 (Mẫu giấy biên nhận hồ sơ: File đính kèm: <a href="http://flic.edu.vn/wp-content/uploads/2020/02/1.-BIEN-NHAN-HO-SO-THI-CNTT-1.doc" download="">Tải về</a>)</span></p> <p><span style="font-size: 120%;"><span style="font-family: \'times new roman\', times, serif;">3.</span><span style="font-family: \'times new roman\', times, serif;"> 02 hình 3×4 – Không scan, phía sau ảnh ghi rõ họ tên, ngày tháng năm sinh, số CMND (Chụp không quá 6 tháng)</span></span></p> <p><span style="font-family: \'times new roman\', times, serif; font-size: 120%;">4. 01 CMND/Thẻ CCCD/Hộ chiếu có thị thực (Không quá 6 tháng)</span></p> <p><span style="font-family: \'times new roman\', times, serif; font-size: 120%;">5. 01 Chứng chỉ CNTT cơ bản photo công chứng (Không quá 6 tháng) – Nếu là chứng chỉ do Trường đại học Ngân hàng Tp.HCM cấp.&nbsp;</span></p> <p><span style="font-size: 120%;"><span style="font-family: \'times new roman\', times, serif;">Hoặc</span> <span style="font-family: \'times new roman\', times, serif;">01 Chứng chỉ</span><span style="font-family: \'times new roman\', times, serif;"> CNTT cơ bản photo công chứng (Không quá 6 tháng) + 01 Xác minh chứng chỉ CNTT Cơ bản – Nếu chứng chỉ không do Trường đại học Ngân hàng Tp.HCM cấp </span></span></p> <div class="chu-ky-trang"> <br> <h2>Thông tin liên hệ: </h2> <p><i class="home-icon"></i><span> 39 Hàm Nghi, Quận 1, Tp.HCM</span></p> <div class="row row-collapse" id="row-ckt"> <div class="col medium-4 small-12 large-4"> <div class="col-inner"> <i class="ckt-icons home-phone"></i> <a href="tel:02838214055">(028) 38.214.055</a> </div> </div> <div class="col medium-4 small-12 large-4"> <div class="col-inner"> <i class="ckt-icons icon-envelop"></i> <a href="mailto:info@flic.edu.vn">info@flic.edu.vn</a> </div> </div> <div class="col medium-4 small-12 large-4"> <div class="col-inner"> <i class="ckt-icons icon-phone"></i> <a href="tel:090990127">0909.901.277</a> </div> </div> <div class="col medium-12 small-12 large-12"> <div class="col-inner"> <p style="text-align:center;">Website: <a href="www.flic.edu.vn">www.flic.edu.vn</a> / <a href="www.buh.edu.vn">www.buh.edu.vn</a></p> </div> </div> </div> <p><i class="home-icon"></i><span> 56 Hoàng Diệu 2, Quận Thủ Đức, Tp.HCM</span></p> <div class="row row-collapse" id="row-2026296186"> <div class="col medium-4 small-12 large-4"> <div class="col-inner"> <i class="ckt-icons home-phone"></i> <a href="tel:02838971649">(028) 38.971.649</a> </div> </div> <div class="col medium-4 small-12 large-4"> <div class="col-inner"> <i class="ckt-icons icon-phone"></i> <a href="tel:02866813713">028.66.813.713</a> </div> </div> <div class="col medium-4 small-12 large-4"> <div class="col-inner"> <i class="ckt-icons icon-phone"></i> <a href="tel:0909901277">0909.901.277</a> </div> </div> </div> <br> </div> <div class="blog-share text-center"><div class="is-divider medium"></div><div class="social-icons share-icons share-row relative"><a href="//www.facebook.com/sharer.php?u=https://flic.edu.vn/ung-dung-cntt-nang-cao.html" data-label="Facebook" onclick="window.open(this.href,this.title,\'width=500,height=500,top=300px,left=300px\'); return false;" rel="noopener noreferrer nofollow" target="_blank" class="icon button circle is-outline tooltip facebook tooltipstered"><i class="icon-facebook"></i></a><a href="mailto:enteryour@addresshere.com?subject=%E1%BB%A8NG%20D%E1%BB%A4NG%20CNTT%20N%C3%82NG%20CAO&amp;body=Check%20this%20out:%20https://flic.edu.vn/ung-dung-cntt-nang-cao.html" rel="nofollow" class="icon button circle is-outline tooltip email tooltipstered"><i class="icon-envelop"></i></a></div></div></div>', 'Các Khóa học', 1),
	(4, '2022-12-26 18:29:58', '2022-12-29 18:06:05', 'IC3, MOS', 'https://flic.edu.vn/wp-content/uploads/2020/02/thud-expert-800x400.png', '<div class="entry-content single-page"> <p style="padding-left: 40px;"><strong>1. IC3 là gì? </strong></p> <p style="text-align: justify;">&nbsp; &nbsp; &nbsp; &nbsp; &nbsp;IC3 là viết tắt của từ tiếng Anh “The Internet and Computing Core Certificate” – Chứng nhận quốc tế về sử dụng máy tính và Internet cơ bản do Certiport sáng tạo.</p> <p style="padding-left: 40px;"><strong>2. Nội dung các bài thi IC3</strong></p> <table width="654"> <tbody> <tr> <td width="102"> <p style="text-align: center;"><strong>Thời lượng</strong></p> </td> <td colspan="2" width="552"> <p style="text-align: center;"><strong>Nội dung thi</strong></p> </td> </tr> <tr> <td rowspan="11" width="102"> <p>&nbsp;</p> <p>&nbsp;</p> <p>&nbsp;</p> <p>&nbsp;</p> <p>&nbsp;</p> <p>&nbsp;</p> <p>&nbsp;</p> <p>&nbsp;</p> <p>&nbsp;</p> <p>&nbsp;</p> <p>&nbsp;</p> <p>&nbsp;</p> <p>&nbsp;</p> <p>&nbsp;</p> <p>&nbsp;</p> <p>&nbsp;</p> <p>&nbsp;</p> <p>&nbsp;</p> <p>&nbsp;</p> <p>&nbsp;</p> <p>&nbsp;</p> <p>&nbsp;</p> <p>&nbsp;</p> <p>&nbsp;</p> <p>&nbsp;</p> <p>&nbsp;</p> <p>&nbsp;</p> <p>45 phút</p> </td> <td rowspan="3" width="146"> <p>&nbsp;</p> <p>&nbsp;</p> <p>&nbsp;</p> <p>&nbsp;</p> <p>&nbsp;</p> <p>&nbsp;</p> <p>&nbsp;</p> <p>&nbsp;</p> <p>&nbsp;</p> <p>&nbsp;</p> <p><strong>Máy tính căn bản</strong></p> </td> <td width="406"> <p><strong>Phần cứng</strong></p> <p>– Hiểu biết về các loại máy tính khác nhau.</p> <p>– Các thành phần chính cấu thành máy tính và chức năng của chúng, các thiết bị ngoại vi của máy tính hay các thiết bị nhập xuất dữ liệu</p> <p>– Biết cách làm thể nào để duy trì hoạt động ổn dịnh của máy tính, bảo vệ máy tính khỏi sự hỏng hóc và cách giải quyết các vấn đề thông thường liên quan đến phần cứng</p> </td> </tr> <tr> <td width="406"> <p><strong>Phần mềm</strong></p> <p>– Hiểu được phần mềm và phần cứng tương tác như thế nào khi chúng làm việc, những nguyên tắc chung của việc xây dựng, nâng cấp và phát triển phần mềm</p> <p>– Nhận biết các loại phần mềm phổ biến khác nhau, cách thức cài đặt, nâng cấp hay xử lý các lỗi thường gặp của phần mềm.</p> </td> </tr> <tr> <td width="406"> <p><strong>Sử dụng các hệ điều hành</strong></p> <p>– Hiểu biết cơ bản như thế nào là một hệ điều hành, cách thức hoạt động, sử dụng và quản lý hệ điều hành như thế nào.</p> <p>– Các loại hệ điều hành phổ biến và tính năng của chúng</p> </td> </tr> <tr> <td rowspan="4" width="146"> <p>&nbsp;</p> <p>&nbsp;</p> <p>&nbsp;</p> <p>&nbsp;</p> <p><strong>Các ứng dụng chủ&nbsp; chốt </strong><strong>(Key Applications)</strong></p> <p>&nbsp;</p> </td> <td width="406"> <p><strong>Các chức năng chương trình chung</strong></p> <p>– Hiểu biết cơ bản về những ứng dụng thông dụng cũng như cách sử dụng chúng để hoàn thành công việc của mình</p> <p>– Cách khởi động, thoát khỏi một ứng dụng, thay đổi giao diện.</p> <p>– Cách thực hiện các chức năng phổ biến về quản lý tập tin, chỉnh sửa và định dạng, in ấn và xuất bản tài liệu.</p> </td> </tr> <tr> <td width="406"> <p><strong>Phần mềm Microsoft Word</strong></p> <p>– Phần này tập trung vào các yếu tố cấu thành nên một văn bản được tổ chức tốt, định dạng văn bản và sử dụng các công cụ xử lý văn bản để tự động hóa các quy trình về bảo mật, cộng tác</p> </td> </tr> <tr> <td width="406"> <p><strong>Phần mềm Microsoft Excel</strong></p> <p>– Cách xây dựng và sử dụng bảng tính excel một cách có hiệu quả.</p> <p>– Biết cách sắp xếp và thao tác trên dữ liệu bằng cách sử dụng các hàm, công thức, vẽ biểu đồ…</p> </td> </tr> <tr> <td width="406"> <p><strong>Phần mềm Microsoft Powerpoint</strong></p> <p>– Tìm hiểu cách làm như thế nào để thiết kế, quản lý và sửa đổi các bài thuyết trình và các cách sử dụng bài thuyết trình hiệu quả.</p> </td> </tr> <tr> <td rowspan="4" width="146"> <p><strong>&nbsp;</strong></p> <p><strong>&nbsp;</strong></p> <p><strong>&nbsp;</strong></p> <p><strong>&nbsp;</strong></p> <p><strong>&nbsp;</strong></p> <p><strong>&nbsp;</strong></p> <p><strong>&nbsp;</strong></p> <p><strong>&nbsp;</strong></p> <p><strong>&nbsp;</strong></p> <p><strong>&nbsp;</strong></p> <p><strong>&nbsp;</strong></p> <p><strong>&nbsp;</strong></p> <p><strong>Cuộc sống trực tuyến (Living online)</strong></p> </td> <td width="406"> <p><strong>Mạng và Internet</strong></p> <p>– Hiểu được những nguyên tắc cơ bản của mạng máy tính, những lợi ích và rủi ro khi sử dụng mạng máy tính</p> <p>– Vai trò của máy chủ, máy khách trong một mạng và các nguyên tắc cơ bản của bảo mật thông tin mạng</p> </td> </tr> <tr> <td width="406"> <p><strong>Thư điện tử</strong></p> <p>– Hiểu được các dạng khác nhau của truyền thông điện tử và cách thức làm việc, sử dụng hiệu quả. Bao gồm hiểu biết cơ bản nhất về các quy tắc của truyền thông trực tuyến, các vấn đề xung quanh truyền thông điện tử (thư rác, lừa đảo trên mạng, virus…)</p> </td> </tr> <tr> <td width="406"> <p><strong>Sử dụng Internet </strong></p> <p>– Tìm hiểu về internet, web và cách sử dụng trình duyệt web</p> <p>– Tìm hiểu làm như thế nào để đánh giá chất lượng của thông tin tìm kiếm, sử dụng tài nguyên internet một cách có đạo đức.&nbsp; &nbsp;</p> </td> </tr> <tr> <td width="406"> <p><strong>Tác động của kết nối máy tính, internet với xã hội</strong></p> <p>– Máy tính sử dụng trong các lĩnh vực khác nhau của cuộc sống, những rủi ro của việc sử dụng phần mềm và phần cứng máy tính</p> <p>– Làm như thế nào để sử dụng máy tính và Internet một cách an toàn, hợp pháp và có đạo đức</p> </td> </tr> </tbody> </table> <p>&nbsp;</p> <p style="padding-left: 40px;"><strong>1. MOS là gì?</strong></p> <p style="text-align: justify;">&nbsp; &nbsp; &nbsp; &nbsp; MOS là viết tắt của từ tiếng Anh “Microsoft Office Specialist” – Bài thi đánh giá kỹ năng Tin học văn phòng do Microsoft trực tiếp cấp chứng chỉ.</p> <p style="padding-left: 40px;"><strong>2. Nội dung các bài thi MOS</strong></p> <table> <tbody> <tr> <td width="246"> <p style="text-align: center;"><strong>Thời lượng</strong></p> </td> <td width="366"> <p style="text-align: center;"><strong>Nội dung</strong></p> </td> </tr> <tr> <td width="246"> <p>50 phút</p> </td> <td width="366"> <p>Microsoft Word 2013 Specialist</p> </td> </tr> <tr> <td width="246"> <p>50 phút</p> </td> <td width="366"> <p>Microsoft Excel 2013 Specialist</p> </td> </tr> <tr> <td width="246"> <p>50 phút</p> </td> <td width="366"> <p>Microsoft Powerpoint 2013 Specialist</p> </td> </tr> <tr> <td width="246"> <p>50 phút</p> </td> <td width="366"> <p>Microsoft Outlook 2013 Specialist</p> </td> </tr> <tr> <td width="246"> <p>50 phút</p> </td> <td width="366"> <p>Microsoft Access 2013 Specialist</p> </td> </tr> </tbody> </table> <div class="chu-ky-trang"> <br> <h2>Thông tin liên hệ: </h2> <p><i class="home-icon"></i><span> 39 Hàm Nghi, Quận 1, Tp.HCM</span></p> <div class="row row-collapse" id="row-ckt"> <div class="col medium-4 small-12 large-4"> <div class="col-inner"> <i class="ckt-icons home-phone"></i> <a href="tel:02838214055">(028) 38.214.055</a> </div> </div> <div class="col medium-4 small-12 large-4"> <div class="col-inner"> <i class="ckt-icons icon-envelop"></i> <a href="mailto:info@flic.edu.vn">info@flic.edu.vn</a> </div> </div> <div class="col medium-4 small-12 large-4"> <div class="col-inner"> <i class="ckt-icons icon-phone"></i> <a href="tel:090990127">0909.901.277</a> </div> </div> <div class="col medium-12 small-12 large-12"> <div class="col-inner"> <p style="text-align:center;">Website: <a href="www.flic.edu.vn">www.flic.edu.vn</a> / <a href="www.buh.edu.vn">www.buh.edu.vn</a></p> </div> </div> </div> <p><i class="home-icon"></i><span> 56 Hoàng Diệu 2, Quận Thủ Đức, Tp.HCM</span></p> <div class="row row-collapse" id="row-2026296186"> <div class="col medium-4 small-12 large-4"> <div class="col-inner"> <i class="ckt-icons home-phone"></i> <a href="tel:02838971649">(028) 38.971.649</a> </div> </div> <div class="col medium-4 small-12 large-4"> <div class="col-inner"> <i class="ckt-icons icon-phone"></i> <a href="tel:02866813713">028.66.813.713</a> </div> </div> <div class="col medium-4 small-12 large-4"> <div class="col-inner"> <i class="ckt-icons icon-phone"></i> <a href="tel:0909901277">0909.901.277</a> </div> </div> </div> <br> </div> <div class="blog-share text-center"><div class="is-divider medium"></div><div class="social-icons share-icons share-row relative"><a href="//www.facebook.com/sharer.php?u=https://flic.edu.vn/ic3-mos.html" data-label="Facebook" onclick="window.open(this.href,this.title,\'width=500,height=500,top=300px,left=300px\'); return false;" rel="noopener noreferrer nofollow" target="_blank" class="icon button circle is-outline tooltip facebook tooltipstered"><i class="icon-facebook"></i></a><a href="mailto:enteryour@addresshere.com?subject=IC3%2C%20MOS&amp;body=Check%20this%20out:%20https://flic.edu.vn/ic3-mos.html" rel="nofollow" class="icon button circle is-outline tooltip email tooltipstered"><i class="icon-envelop"></i></a></div></div></div>', 'Các Khóa học', 1),
	(5, '2022-12-26 17:49:07', '2022-12-29 18:06:06', 'Lịch thi dự kiến tin học ứng dụng công nghệ thông tin cơ bản và nâng cao năm 2022', 'https://flic.edu.vn/wp-content/uploads/2020/03/bg-student-flic-1-1-736x400.jpg', '<div class="entry-content single-page"> <p><span style="font-family: \'times new roman\', times, serif; font-size: 115%; color: #ed1c24;"><strong>I. LỊCH THI DỰ KIẾN TIN HỌC ỨNG DỤNG CNTT CƠ BẢN VÀ NÂNG CAO NĂM 2022</strong></span></p>', 'Thông báo', 1),
	(6, '2022-12-26 17:49:39', '2022-12-29 18:06:07', '11 – Thông báo tổ chức thi và cấp chứng chỉ tin học ứng dụng công nghệ thông tin Cơ bản và Nâng cao – Dự kiến thi ngày 19, 20/03/2022', 'https://flic.edu.vn/wp-content/uploads/2021/09/cong-nghe-547x400.jpg', '<div class="entry-content single-page"> <p><iframe src="https://flic.edu.vn/wp-content/uploads/2022/03/TB-11-TO-CHUC-THI-TIN-HOC-CNTTCB-VA-CNTTNC-THANG-03.2022.pdf" width="100%" height="800px"></iframe></p> <div class="chu-ky-trang"> <br> <h2>Thông tin liên hệ: </h2> <p><i class="home-icon"></i><span> 39 Hàm Nghi, Quận 1, Tp.HCM</span></p> <div class="row row-collapse" id="row-ckt"> <div class="col medium-4 small-12 large-4"> <div class="col-inner"> <i class="ckt-icons home-phone"></i> <a href="tel:02838214055">(028) 38.214.055</a> </div> </div> <div class="col medium-4 small-12 large-4"> <div class="col-inner"> <i class="ckt-icons icon-envelop"></i> <a href="mailto:info@flic.edu.vn">info@flic.edu.vn</a> </div> </div> <div class="col medium-4 small-12 large-4"> <div class="col-inner"> <i class="ckt-icons icon-phone"></i> <a href="tel:090990127">0909.901.277</a> </div> </div> <div class="col medium-12 small-12 large-12"> <div class="col-inner"> <p style="text-align:center;">Website: <a href="www.flic.edu.vn">www.flic.edu.vn</a> / <a href="www.buh.edu.vn">www.buh.edu.vn</a></p> </div> </div> </div> <p><i class="home-icon"></i><span> 56 Hoàng Diệu 2, Quận Thủ Đức, Tp.HCM</span></p> <div class="row row-collapse" id="row-2026296186"> <div class="col medium-4 small-12 large-4"> <div class="col-inner"> <i class="ckt-icons home-phone"></i> <a href="tel:02838971649">(028) 38.971.649</a> </div> </div> <div class="col medium-4 small-12 large-4"> <div class="col-inner"> <i class="ckt-icons icon-phone"></i> <a href="tel:02866813713">028.66.813.713</a> </div> </div> <div class="col medium-4 small-12 large-4"> <div class="col-inner"> <i class="ckt-icons icon-phone"></i> <a href="tel:0909901277">0909.901.277</a> </div> </div> </div> <br> </div> <div class="blog-share text-center"><div class="is-divider medium"></div><div class="social-icons share-icons share-row relative"><a href="//www.facebook.com/sharer.php?u=https://flic.edu.vn/11-thong-bao-to-chuc-thi-va-cap-chung-chi-tin-hoc-ung-dung-cong-nghe-thong-tin-co-ban-va-nang-cao-du-kien-thi-ngay-19-20-03-2022.html" data-label="Facebook" onclick="window.open(this.href,this.title,\'width=500,height=500,top=300px,left=300px\'); return false;" rel="noopener noreferrer nofollow" target="_blank" class="icon button circle is-outline tooltip facebook tooltipstered"><i class="icon-facebook"></i></a><a href="mailto:enteryour@addresshere.com?subject=11%20%26%238211%3B%20Th%C3%B4ng%20b%C3%A1o%20t%E1%BB%95%20ch%E1%BB%A9c%20thi%20v%C3%A0%20c%E1%BA%A5p%20ch%E1%BB%A9ng%20ch%E1%BB%89%20tin%20h%E1%BB%8Dc%20%E1%BB%A9ng%20d%E1%BB%A5ng%20c%C3%B4ng%20ngh%E1%BB%87%20th%C3%B4ng%20tin%20C%C6%A1%20b%E1%BA%A3n%20v%C3%A0%20N%C3%A2ng%20cao%20%26%238211%3B%20D%E1%BB%B1%20ki%E1%BA%BFn%20thi%20ng%C3%A0y%2019%2C%2020%2F03%2F2022&amp;body=Check%20this%20out:%20https://flic.edu.vn/11-thong-bao-to-chuc-thi-va-cap-chung-chi-tin-hoc-ung-dung-cong-nghe-thong-tin-co-ban-va-nang-cao-du-kien-thi-ngay-19-20-03-2022.html" rel="nofollow" class="icon button circle is-outline tooltip email tooltipstered"><i class="icon-envelop"></i></a></div></div></div>', 'Thông báo', 1),
	(7, '2022-12-26 17:50:25', '2022-12-29 18:06:10', '13 – Thông báo tổ chức thi và cấp chứng chỉ tin học ứng dụng công nghệ thông tin Cơ bản và Nâng cao – Dự kiến thi ngày 16, 17/4/2022', 'https://flic.edu.vn/wp-content/uploads/2020/03/bg-student-flic-1-1-736x400.jpg', '<div class="entry-content single-page"> <p><iframe src="https://flic.edu.vn/wp-content/uploads/2022/03/13-TB-TO-CHUC-THI-CAP-CC-CNTT-CO-BAN-NANG-CAO-THI-NGAY-16-17.04.2022.pdf" width="100%" height="800px"></iframe>2</p> <div class="chu-ky-trang"> <br> <h2>Thông tin liên hệ: </h2> <p><i class="home-icon"></i><span> 39 Hàm Nghi, Quận 1, Tp.HCM</span></p> <div class="row row-collapse" id="row-ckt"> <div class="col medium-4 small-12 large-4"> <div class="col-inner"> <i class="ckt-icons home-phone"></i> <a href="tel:02838214055">(028) 38.214.055</a> </div> </div> <div class="col medium-4 small-12 large-4"> <div class="col-inner"> <i class="ckt-icons icon-envelop"></i> <a href="mailto:info@flic.edu.vn">info@flic.edu.vn</a> </div> </div> <div class="col medium-4 small-12 large-4"> <div class="col-inner"> <i class="ckt-icons icon-phone"></i> <a href="tel:090990127">0909.901.277</a> </div> </div> <div class="col medium-12 small-12 large-12"> <div class="col-inner"> <p style="text-align:center;">Website: <a href="www.flic.edu.vn">www.flic.edu.vn</a> / <a href="www.buh.edu.vn">www.buh.edu.vn</a></p> </div> </div> </div> <p><i class="home-icon"></i><span> 56 Hoàng Diệu 2, Quận Thủ Đức, Tp.HCM</span></p> <div class="row row-collapse" id="row-2026296186"> <div class="col medium-4 small-12 large-4"> <div class="col-inner"> <i class="ckt-icons home-phone"></i> <a href="tel:02838971649">(028) 38.971.649</a> </div> </div> <div class="col medium-4 small-12 large-4"> <div class="col-inner"> <i class="ckt-icons icon-phone"></i> <a href="tel:02866813713">028.66.813.713</a> </div> </div> <div class="col medium-4 small-12 large-4"> <div class="col-inner"> <i class="ckt-icons icon-phone"></i> <a href="tel:0909901277">0909.901.277</a> </div> </div> </div> <br> </div> <div class="blog-share text-center"><div class="is-divider medium"></div><div class="social-icons share-icons share-row relative"><a href="//www.facebook.com/sharer.php?u=https://flic.edu.vn/13-thong-bao-to-chuc-thi-va-cap-chung-chi-tin-hoc-ung-dung-cong-nghe-thong-tin-co-ban-va-nang-cao-du-kien-thi-ngay-16-17-4-2022.html" data-label="Facebook" onclick="window.open(this.href,this.title,\'width=500,height=500,top=300px,left=300px\'); return false;" rel="noopener noreferrer nofollow" target="_blank" class="icon button circle is-outline tooltip facebook tooltipstered"><i class="icon-facebook"></i></a><a href="mailto:enteryour@addresshere.com?subject=13%20%26%238211%3B%20Th%C3%B4ng%20b%C3%A1o%20t%E1%BB%95%20ch%E1%BB%A9c%20thi%20v%C3%A0%20c%E1%BA%A5p%20ch%E1%BB%A9ng%20ch%E1%BB%89%20tin%20h%E1%BB%8Dc%20%E1%BB%A9ng%20d%E1%BB%A5ng%20c%C3%B4ng%20ngh%E1%BB%87%20th%C3%B4ng%20tin%20C%C6%A1%20b%E1%BA%A3n%20v%C3%A0%20N%C3%A2ng%20cao%20%26%238211%3B%20D%E1%BB%B1%20ki%E1%BA%BFn%20thi%20ng%C3%A0y%2016%2C%2017%2F4%2F2022&amp;body=Check%20this%20out:%20https://flic.edu.vn/13-thong-bao-to-chuc-thi-va-cap-chung-chi-tin-hoc-ung-dung-cong-nghe-thong-tin-co-ban-va-nang-cao-du-kien-thi-ngay-16-17-4-2022.html" rel="nofollow" class="icon button circle is-outline tooltip email tooltipstered"><i class="icon-envelop"></i></a></div></div></div>', 'Thông báo', 1),
	(8, '2022-12-26 17:51:03', '2022-12-29 18:06:10', '22 – Thông báo tổ chức thi và cấp chứng chỉ tin học ứng dụng công nghệ thông tin Cơ bản và Nâng cao – Dự kiến thi ngày 21, 22/5/2022', 'https://flic.edu.vn/wp-content/uploads/2021/11/clc-600x400.jpg', '<div class="entry-content single-page"> <p><iframe src="https://flic.edu.vn/wp-content/uploads/2022/04/22.TB-TO-CHUC-THI-CAP-CC-CNTT-CO-BAN-NANG-CAO-THI-NGAY-2122.05.2022.pdf" width="100%" height="800px"></iframe></p> <div class="chu-ky-trang"> <br> <h2>Thông tin liên hệ: </h2> <p><i class="home-icon"></i><span> 39 Hàm Nghi, Quận 1, Tp.HCM</span></p> <div class="row row-collapse" id="row-ckt"> <div class="col medium-4 small-12 large-4"> <div class="col-inner"> <i class="ckt-icons home-phone"></i> <a href="tel:02838214055">(028) 38.214.055</a> </div> </div> <div class="col medium-4 small-12 large-4"> <div class="col-inner"> <i class="ckt-icons icon-envelop"></i> <a href="mailto:info@flic.edu.vn">info@flic.edu.vn</a> </div> </div> <div class="col medium-4 small-12 large-4"> <div class="col-inner"> <i class="ckt-icons icon-phone"></i> <a href="tel:090990127">0909.901.277</a> </div> </div> <div class="col medium-12 small-12 large-12"> <div class="col-inner"> <p style="text-align:center;">Website: <a href="www.flic.edu.vn">www.flic.edu.vn</a> / <a href="www.buh.edu.vn">www.buh.edu.vn</a></p> </div> </div> </div> <p><i class="home-icon"></i><span> 56 Hoàng Diệu 2, Quận Thủ Đức, Tp.HCM</span></p> <div class="row row-collapse" id="row-2026296186"> <div class="col medium-4 small-12 large-4"> <div class="col-inner"> <i class="ckt-icons home-phone"></i> <a href="tel:02838971649">(028) 38.971.649</a> </div> </div> <div class="col medium-4 small-12 large-4"> <div class="col-inner"> <i class="ckt-icons icon-phone"></i> <a href="tel:02866813713">028.66.813.713</a> </div> </div> <div class="col medium-4 small-12 large-4"> <div class="col-inner"> <i class="ckt-icons icon-phone"></i> <a href="tel:0909901277">0909.901.277</a> </div> </div> </div> <br> </div> <div class="blog-share text-center"><div class="is-divider medium"></div><div class="social-icons share-icons share-row relative"><a href="//www.facebook.com/sharer.php?u=https://flic.edu.vn/22-thong-bao-to-chuc-thi-va-cap-chung-chi-tin-hoc-ung-dung-cong-nghe-thong-tin-co-ban-va-nang-cao-du-kien-thi-ngay-21-22-5-2022.html" data-label="Facebook" onclick="window.open(this.href,this.title,\'width=500,height=500,top=300px,left=300px\'); return false;" rel="noopener noreferrer nofollow" target="_blank" class="icon button circle is-outline tooltip facebook tooltipstered"><i class="icon-facebook"></i></a><a href="mailto:enteryour@addresshere.com?subject=22%20%26%238211%3B%20Th%C3%B4ng%20b%C3%A1o%20t%E1%BB%95%20ch%E1%BB%A9c%20thi%20v%C3%A0%20c%E1%BA%A5p%20ch%E1%BB%A9ng%20ch%E1%BB%89%20tin%20h%E1%BB%8Dc%20%E1%BB%A9ng%20d%E1%BB%A5ng%20c%C3%B4ng%20ngh%E1%BB%87%20th%C3%B4ng%20tin%20C%C6%A1%20b%E1%BA%A3n%20v%C3%A0%20N%C3%A2ng%20cao%20%26%238211%3B%20D%E1%BB%B1%20ki%E1%BA%BFn%20thi%20ng%C3%A0y%2021%2C%2022%2F5%2F2022&amp;body=Check%20this%20out:%20https://flic.edu.vn/22-thong-bao-to-chuc-thi-va-cap-chung-chi-tin-hoc-ung-dung-cong-nghe-thong-tin-co-ban-va-nang-cao-du-kien-thi-ngay-21-22-5-2022.html" rel="nofollow" class="icon button circle is-outline tooltip email tooltipstered"><i class="icon-envelop"></i></a></div></div></div>', 'Thông báo', 1),
	(9, '2022-12-26 17:51:42', '2022-12-29 18:06:11', '30 – Thông báo tổ chức thi và cấp chứng chỉ tin học ứng dụng công nghệ thông tin Cơ bản và Nâng cao – Dự kiến thi ngày 11, 12/6/2022', 'https://flic.edu.vn/wp-content/uploads/2021/11/clc-600x400.jpg', '<div class="entry-content single-page"> <p><iframe src="https://flic.edu.vn/wp-content/uploads/2022/05/30.TB-TO-CHUC-THI-CAP-CC-CNTT-CO-BAN-NANG-CAO-THI-NGAY-1112.06.2022.pdf" width="100%" height="800px"></iframe></p> <div class="chu-ky-trang"> <br> <h2>Thông tin liên hệ: </h2> <p><i class="home-icon"></i><span> 39 Hàm Nghi, Quận 1, Tp.HCM</span></p> <div class="row row-collapse" id="row-ckt"> <div class="col medium-4 small-12 large-4"> <div class="col-inner"> <i class="ckt-icons home-phone"></i> <a href="tel:02838214055">(028) 38.214.055</a> </div> </div> <div class="col medium-4 small-12 large-4"> <div class="col-inner"> <i class="ckt-icons icon-envelop"></i> <a href="mailto:info@flic.edu.vn">info@flic.edu.vn</a> </div> </div> <div class="col medium-4 small-12 large-4"> <div class="col-inner"> <i class="ckt-icons icon-phone"></i> <a href="tel:090990127">0909.901.277</a> </div> </div> <div class="col medium-12 small-12 large-12"> <div class="col-inner"> <p style="text-align:center;">Website: <a href="www.flic.edu.vn">www.flic.edu.vn</a> / <a href="www.buh.edu.vn">www.buh.edu.vn</a></p> </div> </div> </div> <p><i class="home-icon"></i><span> 56 Hoàng Diệu 2, Quận Thủ Đức, Tp.HCM</span></p> <div class="row row-collapse" id="row-2026296186"> <div class="col medium-4 small-12 large-4"> <div class="col-inner"> <i class="ckt-icons home-phone"></i> <a href="tel:02838971649">(028) 38.971.649</a> </div> </div> <div class="col medium-4 small-12 large-4"> <div class="col-inner"> <i class="ckt-icons icon-phone"></i> <a href="tel:02866813713">028.66.813.713</a> </div> </div> <div class="col medium-4 small-12 large-4"> <div class="col-inner"> <i class="ckt-icons icon-phone"></i> <a href="tel:0909901277">0909.901.277</a> </div> </div> </div> <br> </div> <div class="blog-share text-center"><div class="is-divider medium"></div><div class="social-icons share-icons share-row relative"><a href="//www.facebook.com/sharer.php?u=https://flic.edu.vn/30-thong-bao-to-chuc-thi-va-cap-chung-chi-tin-hoc-ung-dung-cong-nghe-thong-tin-co-ban-va-nang-cao-du-kien-thi-ngay-11-12-6-2022.html" data-label="Facebook" onclick="window.open(this.href,this.title,\'width=500,height=500,top=300px,left=300px\'); return false;" rel="noopener noreferrer nofollow" target="_blank" class="icon button circle is-outline tooltip facebook tooltipstered"><i class="icon-facebook"></i></a><a href="mailto:enteryour@addresshere.com?subject=30%20%26%238211%3B%20Th%C3%B4ng%20b%C3%A1o%20t%E1%BB%95%20ch%E1%BB%A9c%20thi%20v%C3%A0%20c%E1%BA%A5p%20ch%E1%BB%A9ng%20ch%E1%BB%89%20tin%20h%E1%BB%8Dc%20%E1%BB%A9ng%20d%E1%BB%A5ng%20c%C3%B4ng%20ngh%E1%BB%87%20th%C3%B4ng%20tin%20C%C6%A1%20b%E1%BA%A3n%20v%C3%A0%20N%C3%A2ng%20cao%20%26%238211%3B%20D%E1%BB%B1%20ki%E1%BA%BFn%20thi%20ng%C3%A0y%2011%2C%2012%2F6%2F2022&amp;body=Check%20this%20out:%20https://flic.edu.vn/30-thong-bao-to-chuc-thi-va-cap-chung-chi-tin-hoc-ung-dung-cong-nghe-thong-tin-co-ban-va-nang-cao-du-kien-thi-ngay-11-12-6-2022.html" rel="nofollow" class="icon button circle is-outline tooltip email tooltipstered"><i class="icon-envelop"></i></a></div></div></div>', 'Thông báo', 1),
	(10, '2022-12-26 17:52:49', '2022-12-29 18:06:12', '39 – Thông báo tổ chức thi và cấp chứng chỉ tin học ứng dụng công nghệ thông tin Cơ bản và Nâng cao – Dự kiến thi ngày 23, 24/07/2022', 'https://flic.edu.vn/wp-content/uploads/2021/09/cong-nghe-547x400.jpg', '<div class="entry-content single-page"> <p><iframe src="https://flic.edu.vn/wp-content/uploads/2022/06/39.TB-TO-CHUC-THI-CAP-CC-CNTT-CO-BAN-NANG-CAO-THI-NGAY-2324.07.2022.pdf" width="100%" height="800px"></iframe></p> <div class="chu-ky-trang"> <br> <h2>Thông tin liên hệ: </h2> <p><i class="home-icon"></i><span> 39 Hàm Nghi, Quận 1, Tp.HCM</span></p> <div class="row row-collapse" id="row-ckt"> <div class="col medium-4 small-12 large-4"> <div class="col-inner"> <i class="ckt-icons home-phone"></i> <a href="tel:02838214055">(028) 38.214.055</a> </div> </div> <div class="col medium-4 small-12 large-4"> <div class="col-inner"> <i class="ckt-icons icon-envelop"></i> <a href="mailto:info@flic.edu.vn">info@flic.edu.vn</a> </div> </div> <div class="col medium-4 small-12 large-4"> <div class="col-inner"> <i class="ckt-icons icon-phone"></i> <a href="tel:090990127">0909.901.277</a> </div> </div> <div class="col medium-12 small-12 large-12"> <div class="col-inner"> <p style="text-align:center;">Website: <a href="www.flic.edu.vn">www.flic.edu.vn</a> / <a href="www.buh.edu.vn">www.buh.edu.vn</a></p> </div> </div> </div> <p><i class="home-icon"></i><span> 56 Hoàng Diệu 2, Quận Thủ Đức, Tp.HCM</span></p> <div class="row row-collapse" id="row-2026296186"> <div class="col medium-4 small-12 large-4"> <div class="col-inner"> <i class="ckt-icons home-phone"></i> <a href="tel:02838971649">(028) 38.971.649</a> </div> </div> <div class="col medium-4 small-12 large-4"> <div class="col-inner"> <i class="ckt-icons icon-phone"></i> <a href="tel:02866813713">028.66.813.713</a> </div> </div> <div class="col medium-4 small-12 large-4"> <div class="col-inner"> <i class="ckt-icons icon-phone"></i> <a href="tel:0909901277">0909.901.277</a> </div> </div> </div> <br> </div> <div class="blog-share text-center"><div class="is-divider medium"></div><div class="social-icons share-icons share-row relative"><a href="//www.facebook.com/sharer.php?u=https://flic.edu.vn/39-thong-bao-to-chuc-thi-va-cap-chung-chi-tin-hoc-ung-dung-cong-nghe-thong-tin-co-ban-va-nang-cao-du-kien-thi-ngay-23-24-07-2022.html" data-label="Facebook" onclick="window.open(this.href,this.title,\'width=500,height=500,top=300px,left=300px\'); return false;" rel="noopener noreferrer nofollow" target="_blank" class="icon button circle is-outline tooltip facebook tooltipstered"><i class="icon-facebook"></i></a><a href="mailto:enteryour@addresshere.com?subject=39%20%26%238211%3B%20Th%C3%B4ng%20b%C3%A1o%20t%E1%BB%95%20ch%E1%BB%A9c%20thi%20v%C3%A0%20c%E1%BA%A5p%20ch%E1%BB%A9ng%20ch%E1%BB%89%20tin%20h%E1%BB%8Dc%20%E1%BB%A9ng%20d%E1%BB%A5ng%20c%C3%B4ng%20ngh%E1%BB%87%20th%C3%B4ng%20tin%20C%C6%A1%20b%E1%BA%A3n%20v%C3%A0%20N%C3%A2ng%20cao%20%26%238211%3B%20D%E1%BB%B1%20ki%E1%BA%BFn%20thi%20ng%C3%A0y%2023%2C%2024%2F07%2F2022&amp;body=Check%20this%20out:%20https://flic.edu.vn/39-thong-bao-to-chuc-thi-va-cap-chung-chi-tin-hoc-ung-dung-cong-nghe-thong-tin-co-ban-va-nang-cao-du-kien-thi-ngay-23-24-07-2022.html" rel="nofollow" class="icon button circle is-outline tooltip email tooltipstered"><i class="icon-envelop"></i></a></div></div></div>', 'Thông báo, Thông báo CNTT Cơ Bản', 1),
	(11, '2022-12-26 17:53:35', '2022-12-29 18:06:14', '43 – Thông báo lịch phát chứng chỉ ứng dụng CNTT Cơ bản và Nâng cao – Khoá thi ngày 11/06/2022', 'https://flic.edu.vn/wp-content/uploads/2021/11/clc-600x400.jpg', '<div class="entry-content single-page"> <p><iframe src="https://flic.edu.vn/wp-content/uploads/2022/07/43.TB-PHAT-CC-CNTT-CO-BAN-NANG-CAO-THI-NGAY-11.06.2022.pdf" width="100%" height="800px"></iframe></p> <div class="chu-ky-trang"> <br> <h2>Thông tin liên hệ: </h2> <p><i class="home-icon"></i><span> 39 Hàm Nghi, Quận 1, Tp.HCM</span></p> <div class="row row-collapse" id="row-ckt"> <div class="col medium-4 small-12 large-4"> <div class="col-inner"> <i class="ckt-icons home-phone"></i> <a href="tel:02838214055">(028) 38.214.055</a> </div> </div> <div class="col medium-4 small-12 large-4"> <div class="col-inner"> <i class="ckt-icons icon-envelop"></i> <a href="mailto:info@flic.edu.vn">info@flic.edu.vn</a> </div> </div> <div class="col medium-4 small-12 large-4"> <div class="col-inner"> <i class="ckt-icons icon-phone"></i> <a href="tel:090990127">0909.901.277</a> </div> </div> <div class="col medium-12 small-12 large-12"> <div class="col-inner"> <p style="text-align:center;">Website: <a href="www.flic.edu.vn">www.flic.edu.vn</a> / <a href="www.buh.edu.vn">www.buh.edu.vn</a></p> </div> </div> </div> <p><i class="home-icon"></i><span> 56 Hoàng Diệu 2, Quận Thủ Đức, Tp.HCM</span></p> <div class="row row-collapse" id="row-2026296186"> <div class="col medium-4 small-12 large-4"> <div class="col-inner"> <i class="ckt-icons home-phone"></i> <a href="tel:02838971649">(028) 38.971.649</a> </div> </div> <div class="col medium-4 small-12 large-4"> <div class="col-inner"> <i class="ckt-icons icon-phone"></i> <a href="tel:02866813713">028.66.813.713</a> </div> </div> <div class="col medium-4 small-12 large-4"> <div class="col-inner"> <i class="ckt-icons icon-phone"></i> <a href="tel:0909901277">0909.901.277</a> </div> </div> </div> <br> </div> <div class="blog-share text-center"><div class="is-divider medium"></div><div class="social-icons share-icons share-row relative"><a href="//www.facebook.com/sharer.php?u=https://flic.edu.vn/43-thong-bao-lich-phat-chung-chi-ung-dung-cntt-co-ban-va-nang-cao-khoa-thi-ngay-11-06-2022.html" data-label="Facebook" onclick="window.open(this.href,this.title,\'width=500,height=500,top=300px,left=300px\'); return false;" rel="noopener noreferrer nofollow" target="_blank" class="icon button circle is-outline tooltip facebook tooltipstered"><i class="icon-facebook"></i></a><a href="mailto:enteryour@addresshere.com?subject=43%20%26%238211%3B%20Th%C3%B4ng%20b%C3%A1o%20l%E1%BB%8Bch%20ph%C3%A1t%20ch%E1%BB%A9ng%20ch%E1%BB%89%20%E1%BB%A9ng%20d%E1%BB%A5ng%20CNTT%20C%C6%A1%20b%E1%BA%A3n%20v%C3%A0%20N%C3%A2ng%20cao%20%26%238211%3B%20Kho%C3%A1%20thi%20ng%C3%A0y%2011%2F06%2F2022&amp;body=Check%20this%20out:%20https://flic.edu.vn/43-thong-bao-lich-phat-chung-chi-ung-dung-cntt-co-ban-va-nang-cao-khoa-thi-ngay-11-06-2022.html" rel="nofollow" class="icon button circle is-outline tooltip email tooltipstered"><i class="icon-envelop"></i></a></div></div></div>', 'Thông báo, Thông báo CNTT Cơ Bản, Thông báo CNTT Nâng Cao', 1),
	(12, '2022-12-26 17:55:38', '2022-12-29 18:06:14', '45 – Thông báo khai giảng các lớp Tin học ứng dụng công nghệ thông tin và tiếng Anh đạt chuẩn đầu vào dành cho sinh viên HUB – Khoá tháng 7/2022', 'https://flic.edu.vn/wp-content/uploads/2020/03/bg-student-flic-1-1-736x400.jpg', '<div class="entry-content single-page"> <p><iframe src="https://flic.edu.vn/wp-content/uploads/2022/07/45.TB-KHAI-GIANG-LOP-TIN-HOC-UNG-DUNG-CNTT-TIENG-ANH-DAT-CHUAN-ĐV-CHO-SV-HUB-THANG-07.2022.pdf" width="100%" height="800px"></iframe></p> <div class="chu-ky-trang"> <br> <h2>Thông tin liên hệ: </h2> <p><i class="home-icon"></i><span> 39 Hàm Nghi, Quận 1, Tp.HCM</span></p> <div class="row row-collapse" id="row-ckt"> <div class="col medium-4 small-12 large-4"> <div class="col-inner"> <i class="ckt-icons home-phone"></i> <a href="tel:02838214055">(028) 38.214.055</a> </div> </div> <div class="col medium-4 small-12 large-4"> <div class="col-inner"> <i class="ckt-icons icon-envelop"></i> <a href="mailto:info@flic.edu.vn">info@flic.edu.vn</a> </div> </div> <div class="col medium-4 small-12 large-4"> <div class="col-inner"> <i class="ckt-icons icon-phone"></i> <a href="tel:090990127">0909.901.277</a> </div> </div> <div class="col medium-12 small-12 large-12"> <div class="col-inner"> <p style="text-align:center;">Website: <a href="www.flic.edu.vn">www.flic.edu.vn</a> / <a href="www.buh.edu.vn">www.buh.edu.vn</a></p> </div> </div> </div> <p><i class="home-icon"></i><span> 56 Hoàng Diệu 2, Quận Thủ Đức, Tp.HCM</span></p> <div class="row row-collapse" id="row-2026296186"> <div class="col medium-4 small-12 large-4"> <div class="col-inner"> <i class="ckt-icons home-phone"></i> <a href="tel:02838971649">(028) 38.971.649</a> </div> </div> <div class="col medium-4 small-12 large-4"> <div class="col-inner"> <i class="ckt-icons icon-phone"></i> <a href="tel:02866813713">028.66.813.713</a> </div> </div> <div class="col medium-4 small-12 large-4"> <div class="col-inner"> <i class="ckt-icons icon-phone"></i> <a href="tel:0909901277">0909.901.277</a> </div> </div> </div> <br> </div> <div class="blog-share text-center"><div class="is-divider medium"></div><div class="social-icons share-icons share-row relative"><a href="//www.facebook.com/sharer.php?u=https://flic.edu.vn/45-thong-bao-khai-giang-cac-lop-tin-hoc-ung-dung-cong-nghe-thong-tin-va-tieng-anh-dat-chuan-dau-vao-danh-cho-sinh-vien-hub-khoa-thang-7-2022.html" data-label="Facebook" onclick="window.open(this.href,this.title,\'width=500,height=500,top=300px,left=300px\'); return false;" rel="noopener noreferrer nofollow" target="_blank" class="icon button circle is-outline tooltip facebook tooltipstered"><i class="icon-facebook"></i></a><a href="mailto:enteryour@addresshere.com?subject=45%20%26%238211%3B%20Th%C3%B4ng%20b%C3%A1o%20khai%20gi%E1%BA%A3ng%20c%C3%A1c%20l%E1%BB%9Bp%20Tin%20h%E1%BB%8Dc%20%E1%BB%A9ng%20d%E1%BB%A5ng%20c%C3%B4ng%20ngh%E1%BB%87%20th%C3%B4ng%20tin%20v%C3%A0%20ti%E1%BA%BFng%20Anh%20%C4%91%E1%BA%A1t%20chu%E1%BA%A9n%20%C4%91%E1%BA%A7u%20v%C3%A0o%20d%C3%A0nh%20cho%20sinh%20vi%C3%AAn%20HUB%20%26%238211%3B%20Kho%C3%A1%20th%C3%A1ng%207%2F2022&amp;body=Check%20this%20out:%20https://flic.edu.vn/45-thong-bao-khai-giang-cac-lop-tin-hoc-ung-dung-cong-nghe-thong-tin-va-tieng-anh-dat-chuan-dau-vao-danh-cho-sinh-vien-hub-khoa-thang-7-2022.html" rel="nofollow" class="icon button circle is-outline tooltip email tooltipstered"><i class="icon-envelop"></i></a></div></div></div>', 'Thông báo', 1),
	(13, '2022-12-26 17:57:17', '2022-12-29 18:06:16', '47 – Thông báo tổ chức thi và cấp chứng chỉ tin học ứng dụng công nghệ thông tin Cơ bản và Nâng cao – Dự kiến thi ngày 20, 21/08/2022', 'https://flic.edu.vn/wp-content/uploads/2021/09/cong-nghe-547x400.jpg', '<div class="entry-content single-page"> <p><iframe src="https://flic.edu.vn/wp-content/uploads/2022/07/47.TB-TO-CHUC-THI-CAP-CC-CNTT-CO-BAN-NANG-CAO-THI-NGAY-2021.08.2022.pdf" width="100%" height="800px"></iframe></p> <div class="chu-ky-trang"> <br> <h2>Thông tin liên hệ: </h2> <p><i class="home-icon"></i><span> 39 Hàm Nghi, Quận 1, Tp.HCM</span></p> <div class="row row-collapse" id="row-ckt"> <div class="col medium-4 small-12 large-4"> <div class="col-inner"> <i class="ckt-icons home-phone"></i> <a href="tel:02838214055">(028) 38.214.055</a> </div> </div> <div class="col medium-4 small-12 large-4"> <div class="col-inner"> <i class="ckt-icons icon-envelop"></i> <a href="mailto:info@flic.edu.vn">info@flic.edu.vn</a> </div> </div> <div class="col medium-4 small-12 large-4"> <div class="col-inner"> <i class="ckt-icons icon-phone"></i> <a href="tel:090990127">0909.901.277</a> </div> </div> <div class="col medium-12 small-12 large-12"> <div class="col-inner"> <p style="text-align:center;">Website: <a href="www.flic.edu.vn">www.flic.edu.vn</a> / <a href="www.buh.edu.vn">www.buh.edu.vn</a></p> </div> </div> </div> <p><i class="home-icon"></i><span> 56 Hoàng Diệu 2, Quận Thủ Đức, Tp.HCM</span></p> <div class="row row-collapse" id="row-2026296186"> <div class="col medium-4 small-12 large-4"> <div class="col-inner"> <i class="ckt-icons home-phone"></i> <a href="tel:02838971649">(028) 38.971.649</a> </div> </div> <div class="col medium-4 small-12 large-4"> <div class="col-inner"> <i class="ckt-icons icon-phone"></i> <a href="tel:02866813713">028.66.813.713</a> </div> </div> <div class="col medium-4 small-12 large-4"> <div class="col-inner"> <i class="ckt-icons icon-phone"></i> <a href="tel:0909901277">0909.901.277</a> </div> </div> </div> <br> </div> <div class="blog-share text-center"><div class="is-divider medium"></div><div class="social-icons share-icons share-row relative"><a href="//www.facebook.com/sharer.php?u=https://flic.edu.vn/47-thong-bao-to-chuc-thi-va-cap-chung-chi-tin-hoc-ung-dung-cong-nghe-thong-tin-co-ban-va-nang-cao-du-kien-thi-ngay-20-21-08-2022.html" data-label="Facebook" onclick="window.open(this.href,this.title,\'width=500,height=500,top=300px,left=300px\'); return false;" rel="noopener noreferrer nofollow" target="_blank" class="icon button circle is-outline tooltip facebook tooltipstered"><i class="icon-facebook"></i></a><a href="mailto:enteryour@addresshere.com?subject=47%20%26%238211%3B%20Th%C3%B4ng%20b%C3%A1o%20t%E1%BB%95%20ch%E1%BB%A9c%20thi%20v%C3%A0%20c%E1%BA%A5p%20ch%E1%BB%A9ng%20ch%E1%BB%89%20tin%20h%E1%BB%8Dc%20%E1%BB%A9ng%20d%E1%BB%A5ng%20c%C3%B4ng%20ngh%E1%BB%87%20th%C3%B4ng%20tin%20C%C6%A1%20b%E1%BA%A3n%20v%C3%A0%20N%C3%A2ng%20cao%20%26%238211%3B%20D%E1%BB%B1%20ki%E1%BA%BFn%20thi%20ng%C3%A0y%2020%2C%2021%2F08%2F2022&amp;body=Check%20this%20out:%20https://flic.edu.vn/47-thong-bao-to-chuc-thi-va-cap-chung-chi-tin-hoc-ung-dung-cong-nghe-thong-tin-co-ban-va-nang-cao-du-kien-thi-ngay-20-21-08-2022.html" rel="nofollow" class="icon button circle is-outline tooltip email tooltipstered"><i class="icon-envelop"></i></a></div></div></div>', 'Thông báo', 1),
	(14, '2022-12-26 17:57:55', '2022-12-29 18:06:18', '52 – Thông báo tổ chức thi và cấp chứng chỉ tin học ứng dụng công nghệ thông tin Cơ bản và Nâng cao – Dự kiến thi ngày 10, 11/09/2022', 'https://flic.edu.vn/wp-content/uploads/2021/11/clc-600x400.jpg', '<div class="entry-content single-page"> <p><iframe src="https://flic.edu.vn/wp-content/uploads/2022/08/52.TB-TO-CHUC-THI-CAP-CC-CNTT-CO-BAN-NANG-CAO-THI-NGAY-1011.09.2022.pdf" width="100%" height="800px"><span data-mce-type="bookmark" style="display: inline-block; width: 0px; overflow: hidden; line-height: 0;" class="mce_SELRES_start">﻿</span></iframe></p> <div class="chu-ky-trang"> <br> <h2>Thông tin liên hệ: </h2> <p><i class="home-icon"></i><span> 39 Hàm Nghi, Quận 1, Tp.HCM</span></p> <div class="row row-collapse" id="row-ckt"> <div class="col medium-4 small-12 large-4"> <div class="col-inner"> <i class="ckt-icons home-phone"></i> <a href="tel:02838214055">(028) 38.214.055</a> </div> </div> <div class="col medium-4 small-12 large-4"> <div class="col-inner"> <i class="ckt-icons icon-envelop"></i> <a href="mailto:info@flic.edu.vn">info@flic.edu.vn</a> </div> </div> <div class="col medium-4 small-12 large-4"> <div class="col-inner"> <i class="ckt-icons icon-phone"></i> <a href="tel:090990127">0909.901.277</a> </div> </div> <div class="col medium-12 small-12 large-12"> <div class="col-inner"> <p style="text-align:center;">Website: <a href="www.flic.edu.vn">www.flic.edu.vn</a> / <a href="www.buh.edu.vn">www.buh.edu.vn</a></p> </div> </div> </div> <p><i class="home-icon"></i><span> 56 Hoàng Diệu 2, Quận Thủ Đức, Tp.HCM</span></p> <div class="row row-collapse" id="row-2026296186"> <div class="col medium-4 small-12 large-4"> <div class="col-inner"> <i class="ckt-icons home-phone"></i> <a href="tel:02838971649">(028) 38.971.649</a> </div> </div> <div class="col medium-4 small-12 large-4"> <div class="col-inner"> <i class="ckt-icons icon-phone"></i> <a href="tel:02866813713">028.66.813.713</a> </div> </div> <div class="col medium-4 small-12 large-4"> <div class="col-inner"> <i class="ckt-icons icon-phone"></i> <a href="tel:0909901277">0909.901.277</a> </div> </div> </div> <br> </div> <div class="blog-share text-center"><div class="is-divider medium"></div><div class="social-icons share-icons share-row relative"><a href="//www.facebook.com/sharer.php?u=https://flic.edu.vn/52-thong-bao-to-chuc-thi-va-cap-chung-chi-tin-hoc-ung-dung-cong-nghe-thong-tin-co-ban-va-nang-cao-du-kien-thi-ngay-10-11-09-2022.html" data-label="Facebook" onclick="window.open(this.href,this.title,\'width=500,height=500,top=300px,left=300px\'); return false;" rel="noopener noreferrer nofollow" target="_blank" class="icon button circle is-outline tooltip facebook tooltipstered"><i class="icon-facebook"></i></a><a href="mailto:enteryour@addresshere.com?subject=52%20%E2%80%93%20Th%C3%B4ng%20b%C3%A1o%20t%E1%BB%95%20ch%E1%BB%A9c%20thi%20v%C3%A0%20c%E1%BA%A5p%20ch%E1%BB%A9ng%20ch%E1%BB%89%20tin%20h%E1%BB%8Dc%20%E1%BB%A9ng%20d%E1%BB%A5ng%20c%C3%B4ng%20ngh%E1%BB%87%20th%C3%B4ng%20tin%20C%C6%A1%20b%E1%BA%A3n%20v%C3%A0%20N%C3%A2ng%20cao%20%E2%80%93%20D%E1%BB%B1%20ki%E1%BA%BFn%20thi%20ng%C3%A0y%2010%2C%2011%2F09%2F2022&amp;body=Check%20this%20out:%20https://flic.edu.vn/52-thong-bao-to-chuc-thi-va-cap-chung-chi-tin-hoc-ung-dung-cong-nghe-thong-tin-co-ban-va-nang-cao-du-kien-thi-ngay-10-11-09-2022.html" rel="nofollow" class="icon button circle is-outline tooltip email tooltipstered"><i class="icon-envelop"></i></a></div></div></div>', 'Thông báo, Thông báo CNTT Cơ Bản, Thông báo CNTT Nâng Cao', 1),
	(15, '2022-12-26 18:03:13', '2022-12-29 18:06:19', '60 – Thông báo lịch phát chứng chỉ ứng dụng CNTT Cơ bản và Nâng cao – Khoá thi ngày 20/08/2022', 'https://flic.edu.vn/wp-content/uploads/2021/11/clc-600x400.jpg', '<div class="entry-content single-page"> <p><iframe src="https://flic.edu.vn/wp-content/uploads/2022/09/60.TB-PHAT-CC-CNTT-CO-BAN-NANG-CAO-THI-NGAY-20.08.2022.pdf" width="100%" height="800px"><span data-mce-type="bookmark" style="display: inline-block; width: 0px; overflow: hidden; line-height: 0;" class="mce_SELRES_start">﻿</span></iframe></p> <div class="chu-ky-trang"> <br> <h2>Thông tin liên hệ: </h2> <p><i class="home-icon"></i><span> 39 Hàm Nghi, Quận 1, Tp.HCM</span></p> <div class="row row-collapse" id="row-ckt"> <div class="col medium-4 small-12 large-4"> <div class="col-inner"> <i class="ckt-icons home-phone"></i> <a href="tel:02838214055">(028) 38.214.055</a> </div> </div> <div class="col medium-4 small-12 large-4"> <div class="col-inner"> <i class="ckt-icons icon-envelop"></i> <a href="mailto:info@flic.edu.vn">info@flic.edu.vn</a> </div> </div> <div class="col medium-4 small-12 large-4"> <div class="col-inner"> <i class="ckt-icons icon-phone"></i> <a href="tel:090990127">0909.901.277</a> </div> </div> <div class="col medium-12 small-12 large-12"> <div class="col-inner"> <p style="text-align:center;">Website: <a href="www.flic.edu.vn">www.flic.edu.vn</a> / <a href="www.buh.edu.vn">www.buh.edu.vn</a></p> </div> </div> </div> <p><i class="home-icon"></i><span> 56 Hoàng Diệu 2, Quận Thủ Đức, Tp.HCM</span></p> <div class="row row-collapse" id="row-2026296186"> <div class="col medium-4 small-12 large-4"> <div class="col-inner"> <i class="ckt-icons home-phone"></i> <a href="tel:02838971649">(028) 38.971.649</a> </div> </div> <div class="col medium-4 small-12 large-4"> <div class="col-inner"> <i class="ckt-icons icon-phone"></i> <a href="tel:02866813713">028.66.813.713</a> </div> </div> <div class="col medium-4 small-12 large-4"> <div class="col-inner"> <i class="ckt-icons icon-phone"></i> <a href="tel:0909901277">0909.901.277</a> </div> </div> </div> <br> </div> <div class="blog-share text-center"><div class="is-divider medium"></div><div class="social-icons share-icons share-row relative"><a href="//www.facebook.com/sharer.php?u=https://flic.edu.vn/60-thong-bao-lich-phat-chung-chi-ung-dung-cntt-co-ban-va-nang-cao-khoa-thi-ngay-20-08-2022.html" data-label="Facebook" onclick="window.open(this.href,this.title,\'width=500,height=500,top=300px,left=300px\'); return false;" rel="noopener noreferrer nofollow" target="_blank" class="icon button circle is-outline tooltip facebook tooltipstered"><i class="icon-facebook"></i></a><a href="mailto:enteryour@addresshere.com?subject=60%20%26%238211%3B%20Th%C3%B4ng%20b%C3%A1o%20l%E1%BB%8Bch%20ph%C3%A1t%20ch%E1%BB%A9ng%20ch%E1%BB%89%20%E1%BB%A9ng%20d%E1%BB%A5ng%20CNTT%20C%C6%A1%20b%E1%BA%A3n%20v%C3%A0%20N%C3%A2ng%20cao%20%26%238211%3B%20Kho%C3%A1%20thi%20ng%C3%A0y%2020%2F08%2F2022&amp;body=Check%20this%20out:%20https://flic.edu.vn/60-thong-bao-lich-phat-chung-chi-ung-dung-cntt-co-ban-va-nang-cao-khoa-thi-ngay-20-08-2022.html" rel="nofollow" class="icon button circle is-outline tooltip email tooltipstered"><i class="icon-envelop"></i></a></div></div></div>', 'Thông báo, Thông báo CNTT Cơ Bản, Thông báo CNTT Nâng Cao', 1),
	(16, '2022-12-26 18:03:57', '2022-12-29 18:06:20', '63 – Thông báo tổ chức thi và cấp chứng chỉ tin học ứng dụng công nghệ thông tin Cơ bản và Nâng cao – Dự kiến thi ngày 15, 16/10/2022', 'https://flic.edu.vn/wp-content/uploads/2021/09/cong-nghe-547x400.jpg', '<div class="entry-content single-page"> <p><iframe src="https://flic.edu.vn/wp-content/uploads/2022/09/TB-63-TO-CHUC-THI-TIN-HOC-CNTTCB-VA-CNTTNC-NGAY-THI-15-16.10.2022.pdf" width="100%" height="800px"><span data-mce-type="bookmark" style="display: inline-block; width: 0px; overflow: hidden; line-height: 0;" class="mce_SELRES_start">﻿</span></iframe></p> <div class="chu-ky-trang"> <br> <h2>Thông tin liên hệ: </h2> <p><i class="home-icon"></i><span> 39 Hàm Nghi, Quận 1, Tp.HCM</span></p> <div class="row row-collapse" id="row-ckt"> <div class="col medium-4 small-12 large-4"> <div class="col-inner"> <i class="ckt-icons home-phone"></i> <a href="tel:02838214055">(028) 38.214.055</a> </div> </div> <div class="col medium-4 small-12 large-4"> <div class="col-inner"> <i class="ckt-icons icon-envelop"></i> <a href="mailto:info@flic.edu.vn">info@flic.edu.vn</a> </div> </div> <div class="col medium-4 small-12 large-4"> <div class="col-inner"> <i class="ckt-icons icon-phone"></i> <a href="tel:090990127">0909.901.277</a> </div> </div> <div class="col medium-12 small-12 large-12"> <div class="col-inner"> <p style="text-align:center;">Website: <a href="www.flic.edu.vn">www.flic.edu.vn</a> / <a href="www.buh.edu.vn">www.buh.edu.vn</a></p> </div> </div> </div> <p><i class="home-icon"></i><span> 56 Hoàng Diệu 2, Quận Thủ Đức, Tp.HCM</span></p> <div class="row row-collapse" id="row-2026296186"> <div class="col medium-4 small-12 large-4"> <div class="col-inner"> <i class="ckt-icons home-phone"></i> <a href="tel:02838971649">(028) 38.971.649</a> </div> </div> <div class="col medium-4 small-12 large-4"> <div class="col-inner"> <i class="ckt-icons icon-phone"></i> <a href="tel:02866813713">028.66.813.713</a> </div> </div> <div class="col medium-4 small-12 large-4"> <div class="col-inner"> <i class="ckt-icons icon-phone"></i> <a href="tel:0909901277">0909.901.277</a> </div> </div> </div> <br> </div> <div class="blog-share text-center"><div class="is-divider medium"></div><div class="social-icons share-icons share-row relative"><a href="//www.facebook.com/sharer.php?u=https://flic.edu.vn/63-thong-bao-to-chuc-thi-va-cap-chung-chi-tin-hoc-ung-dung-cong-nghe-thong-tin-co-ban-va-nang-cao-du-kien-thi-ngay-15-16-10-2022.html" data-label="Facebook" onclick="window.open(this.href,this.title,\'width=500,height=500,top=300px,left=300px\'); return false;" rel="noopener noreferrer nofollow" target="_blank" class="icon button circle is-outline tooltip facebook tooltipstered"><i class="icon-facebook"></i></a><a href="mailto:enteryour@addresshere.com?subject=63%20%26%238211%3B%20Th%C3%B4ng%20b%C3%A1o%20t%E1%BB%95%20%20ch%E1%BB%A9c%20thi%20v%C3%A0%20c%E1%BA%A5p%20ch%E1%BB%A9ng%20ch%E1%BB%89%20tin%20h%E1%BB%8Dc%20%E1%BB%A9ng%20d%E1%BB%A5ng%20c%C3%B4ng%20ngh%E1%BB%87%20th%C3%B4ng%20tin%20C%C6%A1%20b%E1%BA%A3n%20v%C3%A0%20N%C3%A2ng%20cao%20%26%238211%3B%20D%E1%BB%B1%20ki%E1%BA%BFn%20thi%20ng%C3%A0y%2015%2C%2016%2F10%2F2022&amp;body=Check%20this%20out:%20https://flic.edu.vn/63-thong-bao-to-chuc-thi-va-cap-chung-chi-tin-hoc-ung-dung-cong-nghe-thong-tin-co-ban-va-nang-cao-du-kien-thi-ngay-15-16-10-2022.html" rel="nofollow" class="icon button circle is-outline tooltip email tooltipstered"><i class="icon-envelop"></i></a></div></div></div>', 'Thông báo, Thông báo CNTT Cơ Bản, Thông báo CNTT Nâng Cao', 1),
	(17, '2022-12-26 18:04:51', '2022-12-29 18:06:21', '69 – Thông báo tổ chức thi và cấp chứng chỉ tin học ứng dụng công nghệ thông tin Cơ bản và Nâng cao – Dự kiến thi ngày 19, 20/11/2022', 'https://flic.edu.vn/wp-content/uploads/2021/11/clc-600x400.jpg', '<div class="entry-content single-page"> <p><iframe src="https://flic.edu.vn/wp-content/uploads/2022/10/TB-69-TO-CHUC-THI-TIN-HOC-CNTTCB-VA-CNTTNC-NGAY-THI-19-20.11.2022.pdf" width="100%" height="800px"><span data-mce-type="bookmark" style="display: inline-block; width: 0px; overflow: hidden; line-height: 0;" class="mce_SELRES_start">﻿</span></iframe></p> <div class="chu-ky-trang"> <br> <h2>Thông tin liên hệ: </h2> <p><i class="home-icon"></i><span> 39 Hàm Nghi, Quận 1, Tp.HCM</span></p> <div class="row row-collapse" id="row-ckt"> <div class="col medium-4 small-12 large-4"> <div class="col-inner"> <i class="ckt-icons home-phone"></i> <a href="tel:02838214055">(028) 38.214.055</a> </div> </div> <div class="col medium-4 small-12 large-4"> <div class="col-inner"> <i class="ckt-icons icon-envelop"></i> <a href="mailto:info@flic.edu.vn">info@flic.edu.vn</a> </div> </div> <div class="col medium-4 small-12 large-4"> <div class="col-inner"> <i class="ckt-icons icon-phone"></i> <a href="tel:090990127">0909.901.277</a> </div> </div> <div class="col medium-12 small-12 large-12"> <div class="col-inner"> <p style="text-align:center;">Website: <a href="www.flic.edu.vn">www.flic.edu.vn</a> / <a href="www.buh.edu.vn">www.buh.edu.vn</a></p> </div> </div> </div> <p><i class="home-icon"></i><span> 56 Hoàng Diệu 2, Quận Thủ Đức, Tp.HCM</span></p> <div class="row row-collapse" id="row-2026296186"> <div class="col medium-4 small-12 large-4"> <div class="col-inner"> <i class="ckt-icons home-phone"></i> <a href="tel:02838971649">(028) 38.971.649</a> </div> </div> <div class="col medium-4 small-12 large-4"> <div class="col-inner"> <i class="ckt-icons icon-phone"></i> <a href="tel:02866813713">028.66.813.713</a> </div> </div> <div class="col medium-4 small-12 large-4"> <div class="col-inner"> <i class="ckt-icons icon-phone"></i> <a href="tel:0909901277">0909.901.277</a> </div> </div> </div> <br> </div> <div class="blog-share text-center"><div class="is-divider medium"></div><div class="social-icons share-icons share-row relative"><a href="//www.facebook.com/sharer.php?u=https://flic.edu.vn/69-thong-bao-to-chuc-thi-va-cap-chung-chi-tin-hoc-ung-dung-cong-nghe-thong-tin-co-ban-va-nang-cao-du-kien-thi-ngay-19-20-11-2022.html" data-label="Facebook" onclick="window.open(this.href,this.title,\'width=500,height=500,top=300px,left=300px\'); return false;" rel="noopener noreferrer nofollow" target="_blank" class="icon button circle is-outline tooltip facebook tooltipstered"><i class="icon-facebook"></i></a><a href="mailto:enteryour@addresshere.com?subject=69%20%E2%80%93%20Th%C3%B4ng%20b%C3%A1o%20t%E1%BB%95%20ch%E1%BB%A9c%20thi%20v%C3%A0%20c%E1%BA%A5p%20ch%E1%BB%A9ng%20ch%E1%BB%89%20tin%20h%E1%BB%8Dc%20%E1%BB%A9ng%20d%E1%BB%A5ng%20c%C3%B4ng%20ngh%E1%BB%87%20th%C3%B4ng%20tin%20C%C6%A1%20b%E1%BA%A3n%20v%C3%A0%20N%C3%A2ng%20cao%20%E2%80%93%20D%E1%BB%B1%20ki%E1%BA%BFn%20thi%20ng%C3%A0y%2019%2C%2020%2F11%2F2022&amp;body=Check%20this%20out:%20https://flic.edu.vn/69-thong-bao-to-chuc-thi-va-cap-chung-chi-tin-hoc-ung-dung-cong-nghe-thong-tin-co-ban-va-nang-cao-du-kien-thi-ngay-19-20-11-2022.html" rel="nofollow" class="icon button circle is-outline tooltip email tooltipstered"><i class="icon-envelop"></i></a></div></div></div>', 'Thông báo, Thông báo CNTT Cơ Bản, Thông báo CNTT Nâng Cao', 1),
	(18, '2022-12-26 18:05:27', '2022-12-29 18:06:22', '70 – Thông báo lịch phát chứng chỉ ứng dụng CNTT Cơ bản và Nâng cao – Khoá thi ngày 25/09/2022', 'https://flic.edu.vn/wp-content/uploads/2020/03/bg-student-flic-1-1-736x400.jpg', '<div class="entry-content single-page"> <p><iframe src="https://flic.edu.vn/wp-content/uploads/2022/10/70.TB-PHAT-CC-CNTT-CO-BAN-NANG-CAO-THI-NGAY-25.09.2022.pdf" width="100%" height="800px"><span data-mce-type="bookmark" style="display: inline-block; width: 0px; overflow: hidden; line-height: 0;" class="mce_SELRES_start">﻿</span></iframe></p> <div class="chu-ky-trang"> <br> <h2>Thông tin liên hệ: </h2> <p><i class="home-icon"></i><span> 39 Hàm Nghi, Quận 1, Tp.HCM</span></p> <div class="row row-collapse" id="row-ckt"> <div class="col medium-4 small-12 large-4"> <div class="col-inner"> <i class="ckt-icons home-phone"></i> <a href="tel:02838214055">(028) 38.214.055</a> </div> </div> <div class="col medium-4 small-12 large-4"> <div class="col-inner"> <i class="ckt-icons icon-envelop"></i> <a href="mailto:info@flic.edu.vn">info@flic.edu.vn</a> </div> </div> <div class="col medium-4 small-12 large-4"> <div class="col-inner"> <i class="ckt-icons icon-phone"></i> <a href="tel:090990127">0909.901.277</a> </div> </div> <div class="col medium-12 small-12 large-12"> <div class="col-inner"> <p style="text-align:center;">Website: <a href="www.flic.edu.vn">www.flic.edu.vn</a> / <a href="www.buh.edu.vn">www.buh.edu.vn</a></p> </div> </div> </div> <p><i class="home-icon"></i><span> 56 Hoàng Diệu 2, Quận Thủ Đức, Tp.HCM</span></p> <div class="row row-collapse" id="row-2026296186"> <div class="col medium-4 small-12 large-4"> <div class="col-inner"> <i class="ckt-icons home-phone"></i> <a href="tel:02838971649">(028) 38.971.649</a> </div> </div> <div class="col medium-4 small-12 large-4"> <div class="col-inner"> <i class="ckt-icons icon-phone"></i> <a href="tel:02866813713">028.66.813.713</a> </div> </div> <div class="col medium-4 small-12 large-4"> <div class="col-inner"> <i class="ckt-icons icon-phone"></i> <a href="tel:0909901277">0909.901.277</a> </div> </div> </div> <br> </div> <div class="blog-share text-center"><div class="is-divider medium"></div><div class="social-icons share-icons share-row relative"><a href="//www.facebook.com/sharer.php?u=https://flic.edu.vn/70-thong-bao-lich-phat-chung-chi-ung-dung-cntt-co-ban-va-nang-cao-khoa-thi-ngay-25-09-2022.html" data-label="Facebook" onclick="window.open(this.href,this.title,\'width=500,height=500,top=300px,left=300px\'); return false;" rel="noopener noreferrer nofollow" target="_blank" class="icon button circle is-outline tooltip facebook tooltipstered"><i class="icon-facebook"></i></a><a href="mailto:enteryour@addresshere.com?subject=70%20%E2%80%93%20Th%C3%B4ng%20b%C3%A1o%20l%E1%BB%8Bch%20ph%C3%A1t%20ch%E1%BB%A9ng%20ch%E1%BB%89%20%E1%BB%A9ng%20d%E1%BB%A5ng%20CNTT%20C%C6%A1%20b%E1%BA%A3n%20v%C3%A0%20N%C3%A2ng%20cao%20%E2%80%93%20Kho%C3%A1%20thi%20ng%C3%A0y%2025%2F09%2F2022&amp;body=Check%20this%20out:%20https://flic.edu.vn/70-thong-bao-lich-phat-chung-chi-ung-dung-cntt-co-ban-va-nang-cao-khoa-thi-ngay-25-09-2022.html" rel="nofollow" class="icon button circle is-outline tooltip email tooltipstered"><i class="icon-envelop"></i></a></div></div></div>', 'Thông báo, Thông báo CNTT Cơ Bản, Thông báo CNTT Nâng Cao', 1),
	(19, '2022-12-26 18:06:24', '2022-12-29 18:06:23', '81-Thông báo tổ chức thi và cấp chứng chỉ tin học ứng dụng Công nghệ thông tin Cơ bản và Nâng cao – Dự kiến thi ngày 07, 08/01/2022', 'https://flic.edu.vn/wp-content/uploads/2021/09/cong-nghe-547x400.jpg', '<div class="entry-content single-page"> <p><iframe src="https://flic.edu.vn/wp-content/uploads/2022/12/81-TB-TO-CHUC-THI-CAP-CC-CNTT-CO-BAN-NANG-CAO-THI-NGAY-0708.01.2022.pdf" width="100%" height="800px"><span data-mce-type="bookmark" style="display: inline-block; width: 0px; overflow: hidden; line-height: 0;" class="mce_SELRES_start">﻿</span></iframe></p> <div class="chu-ky-trang"> <br> <h2>Thông tin liên hệ: </h2> <p><i class="home-icon"></i><span> 39 Hàm Nghi, Quận 1, Tp.HCM</span></p> <div class="row row-collapse" id="row-ckt"> <div class="col medium-4 small-12 large-4"> <div class="col-inner"> <i class="ckt-icons home-phone"></i> <a href="tel:02838214055">(028) 38.214.055</a> </div> </div> <div class="col medium-4 small-12 large-4"> <div class="col-inner"> <i class="ckt-icons icon-envelop"></i> <a href="mailto:info@flic.edu.vn">info@flic.edu.vn</a> </div> </div> <div class="col medium-4 small-12 large-4"> <div class="col-inner"> <i class="ckt-icons icon-phone"></i> <a href="tel:090990127">0909.901.277</a> </div> </div> <div class="col medium-12 small-12 large-12"> <div class="col-inner"> <p style="text-align:center;">Website: <a href="www.flic.edu.vn">www.flic.edu.vn</a> / <a href="www.buh.edu.vn">www.buh.edu.vn</a></p> </div> </div> </div> <p><i class="home-icon"></i><span> 56 Hoàng Diệu 2, Quận Thủ Đức, Tp.HCM</span></p> <div class="row row-collapse" id="row-2026296186"> <div class="col medium-4 small-12 large-4"> <div class="col-inner"> <i class="ckt-icons home-phone"></i> <a href="tel:02838971649">(028) 38.971.649</a> </div> </div> <div class="col medium-4 small-12 large-4"> <div class="col-inner"> <i class="ckt-icons icon-phone"></i> <a href="tel:02866813713">028.66.813.713</a> </div> </div> <div class="col medium-4 small-12 large-4"> <div class="col-inner"> <i class="ckt-icons icon-phone"></i> <a href="tel:0909901277">0909.901.277</a> </div> </div> </div> <br> </div> <div class="blog-share text-center"><div class="is-divider medium"></div><div class="social-icons share-icons share-row relative"><a href="//www.facebook.com/sharer.php?u=https://flic.edu.vn/81-thong-bao-to-chuc-thi-va-cap-chung-chi-tin-hoc-ung-dung-cong-nghe-thong-tin-co-ban-va-nang-cao-du-kien-thi-ngay-07-08-01-2022.html" data-label="Facebook" onclick="window.open(this.href,this.title,\'width=500,height=500,top=300px,left=300px\'); return false;" rel="noopener noreferrer nofollow" target="_blank" class="icon button circle is-outline tooltip facebook tooltipstered"><i class="icon-facebook"></i></a><a href="mailto:enteryour@addresshere.com?subject=81-Th%C3%B4ng%20b%C3%A1o%20t%E1%BB%95%20ch%E1%BB%A9c%20thi%20v%C3%A0%20c%E1%BA%A5p%20ch%E1%BB%A9ng%20ch%E1%BB%89%20tin%20h%E1%BB%8Dc%20%E1%BB%A9ng%20d%E1%BB%A5ng%20C%C3%B4ng%20ngh%E1%BB%87%20th%C3%B4ng%20tin%20C%C6%A1%20b%E1%BA%A3n%20v%C3%A0%20N%C3%A2ng%20cao%20%26%238211%3B%20D%E1%BB%B1%20ki%E1%BA%BFn%20thi%20ng%C3%A0y%2007%2C%2008%2F01%2F2022&amp;body=Check%20this%20out:%20https://flic.edu.vn/81-thong-bao-to-chuc-thi-va-cap-chung-chi-tin-hoc-ung-dung-cong-nghe-thong-tin-co-ban-va-nang-cao-du-kien-thi-ngay-07-08-01-2022.html" rel="nofollow" class="icon button circle is-outline tooltip email tooltipstered"><i class="icon-envelop"></i></a></div></div></div>', 'Thông báo, Thông báo CNTT Cơ Bản, Thông báo CNTT Nâng Cao', 1);
/*!40000 ALTER TABLE `feed` ENABLE KEYS */;

-- Dumping structure for table datn.payment
DROP TABLE IF EXISTS `payment`;
CREATE TABLE IF NOT EXISTS `payment` (
  `id` int(11) NOT NULL AUTO_INCREMENT,
  `created_at` datetime NOT NULL DEFAULT current_timestamp(),
  `updated_at` datetime NOT NULL DEFAULT current_timestamp(),
  `intentId` varchar(255) DEFAULT NULL,
  `secret` varchar(255) DEFAULT NULL,
  `amount` int(11) DEFAULT NULL,
  `status` int(11) NOT NULL,
  PRIMARY KEY (`id`)
) ENGINE=InnoDB AUTO_INCREMENT=104 DEFAULT CHARSET=utf8mb3;

-- Dumping data for table datn.payment: ~105 rows (approximately)
/*!40000 ALTER TABLE `payment` DISABLE KEYS */;
INSERT INTO `payment` (`id`, `created_at`, `updated_at`, `intentId`, `secret`, `amount`, `status`) VALUES
	(1, '2022-12-04 15:13:19', '2022-12-04 15:13:19', NULL, NULL, 1000000, 1),
	(2, '2022-12-04 15:13:19', '2022-12-04 15:13:19', NULL, NULL, 400000, 1),
	(3, '2022-12-04 15:13:19', '2022-12-04 15:13:19', NULL, NULL, 400000, 1),
	(4, '2022-12-04 15:13:19', '2022-12-04 15:13:19', NULL, NULL, 400000, 1),
	(5, '2022-12-04 15:13:19', '2022-12-04 15:13:19', NULL, NULL, 1000000, 1),
	(6, '2022-12-04 15:13:19', '2022-12-04 15:13:19', NULL, NULL, 400000, 1),
	(7, '2022-12-04 15:13:19', '2022-12-04 15:13:19', NULL, NULL, 1000000, 1),
	(8, '2022-12-04 15:13:19', '2022-12-04 15:13:19', NULL, NULL, 1400000, 1),
	(9, '2022-12-04 15:13:19', '2022-12-04 15:13:19', NULL, NULL, 400000, 1),
	(10, '2022-12-04 15:13:19', '2022-12-04 15:13:19', NULL, NULL, 1000000, 1),
	(11, '2022-12-04 15:13:19', '2022-12-04 15:13:19', NULL, NULL, 1000000, 1),
	(12, '2022-12-04 15:13:19', '2022-12-04 15:13:19', NULL, NULL, 1400000, 1),
	(13, '2022-12-04 15:13:19', '2022-12-04 15:13:19', NULL, NULL, 1000000, 1),
	(14, '2022-12-04 15:13:19', '2022-12-04 15:13:19', NULL, NULL, 400000, 1),
	(15, '2022-12-04 15:13:19', '2022-12-04 15:13:19', NULL, NULL, 1000000, 1),
	(16, '2022-12-04 15:13:19', '2022-12-04 15:13:19', NULL, NULL, 400000, 1),
	(17, '2022-12-04 15:13:19', '2022-12-04 15:13:19', NULL, NULL, NULL, 1),
	(18, '2022-12-04 15:13:19', '2022-12-04 15:13:19', NULL, NULL, NULL, 1),
	(19, '2022-12-04 15:13:19', '2022-12-04 15:13:19', NULL, NULL, NULL, 1),
	(20, '2022-12-04 15:13:19', '2022-12-04 15:13:19', NULL, NULL, NULL, 1),
	(21, '2022-12-04 15:13:19', '2022-12-04 15:13:19', NULL, NULL, NULL, 1),
	(22, '2022-12-04 15:13:19', '2022-12-04 15:13:19', NULL, NULL, NULL, 1),
	(23, '2022-12-04 15:13:19', '2022-12-04 15:13:19', NULL, NULL, NULL, 1),
	(24, '2022-12-04 15:13:19', '2022-12-04 15:13:19', NULL, NULL, NULL, 1),
	(25, '2022-12-04 15:13:19', '2022-12-04 15:13:19', NULL, NULL, NULL, 1),
	(26, '2022-12-04 15:13:19', '2022-12-04 15:13:19', NULL, NULL, NULL, 1),
	(27, '2022-12-04 15:13:19', '2022-12-04 15:13:19', NULL, NULL, NULL, 1),
	(28, '2022-12-04 15:13:19', '2022-12-04 15:13:19', NULL, NULL, NULL, 1),
	(29, '2022-12-04 15:13:19', '2022-12-04 15:13:19', NULL, NULL, NULL, 1),
	(30, '2022-12-04 15:13:19', '2022-12-04 15:13:19', NULL, NULL, NULL, 1),
	(31, '2022-12-04 15:13:19', '2022-12-04 15:13:19', NULL, NULL, NULL, 1),
	(32, '2022-12-04 15:13:19', '2022-12-04 15:13:19', NULL, NULL, NULL, 1),
	(33, '2022-12-04 15:13:19', '2022-12-04 15:13:19', NULL, NULL, NULL, 1),
	(34, '2022-12-04 15:13:19', '2022-12-04 15:13:19', NULL, NULL, NULL, 1),
	(35, '2022-12-04 15:13:19', '2022-12-04 15:13:19', NULL, NULL, NULL, 1),
	(36, '2022-12-04 15:13:19', '2022-12-04 15:13:19', NULL, NULL, NULL, 1),
	(37, '2022-12-04 15:13:19', '2022-12-04 15:13:19', NULL, NULL, NULL, 1),
	(38, '2022-12-04 15:13:19', '2022-12-04 15:13:19', NULL, NULL, NULL, 1),
	(39, '2022-12-04 15:13:19', '2022-12-04 15:13:19', NULL, NULL, NULL, 1),
	(40, '2022-12-04 15:13:19', '2022-12-04 15:13:19', NULL, NULL, NULL, 1),
	(41, '2022-12-04 15:13:19', '2022-12-04 15:13:19', NULL, NULL, NULL, 1),
	(42, '2022-12-04 15:13:19', '2022-12-04 15:13:19', NULL, NULL, NULL, 1),
	(43, '2022-12-04 15:13:19', '2022-12-04 15:13:19', NULL, NULL, NULL, 1),
	(44, '2022-12-04 15:13:19', '2022-12-04 15:13:19', NULL, NULL, NULL, 1),
	(45, '2022-12-04 15:13:19', '2022-12-04 15:13:19', NULL, NULL, NULL, 1),
	(46, '2022-12-04 15:13:19', '2022-12-04 15:13:19', NULL, NULL, NULL, 1),
	(47, '2022-12-04 15:13:19', '2022-12-04 15:13:19', NULL, NULL, NULL, 1),
	(48, '2022-12-04 15:13:19', '2022-12-04 15:13:19', NULL, NULL, NULL, 1),
	(49, '2022-12-04 15:13:19', '2022-12-04 15:13:19', NULL, NULL, NULL, 1),
	(50, '2022-12-04 15:13:19', '2022-12-04 15:13:19', NULL, NULL, NULL, 1),
	(51, '2022-12-04 15:13:19', '2022-12-04 15:13:19', NULL, NULL, NULL, 1),
	(52, '2022-12-04 15:13:19', '2022-12-04 15:13:19', NULL, NULL, NULL, 1),
	(53, '2022-12-04 15:13:19', '2022-12-04 15:13:19', NULL, NULL, NULL, 1),
	(54, '2022-12-04 15:13:19', '2022-12-04 15:13:19', NULL, NULL, NULL, 1),
	(55, '2022-12-04 15:13:19', '2022-12-04 15:13:19', NULL, NULL, NULL, 1),
	(56, '2022-12-04 15:13:19', '2022-12-04 15:13:19', NULL, NULL, NULL, 1),
	(57, '2022-12-04 15:13:19', '2022-12-04 15:13:19', NULL, NULL, NULL, 1),
	(58, '2022-12-04 15:13:19', '2022-12-04 15:13:19', NULL, NULL, NULL, 1),
	(59, '2022-12-04 15:13:19', '2022-12-04 15:13:19', NULL, NULL, NULL, 1),
	(60, '2022-12-04 15:13:19', '2022-12-04 15:13:19', NULL, NULL, NULL, 1),
	(61, '2022-12-04 15:13:19', '2022-12-04 15:13:19', NULL, NULL, NULL, 1),
	(62, '2022-12-04 15:13:19', '2022-12-04 15:13:19', NULL, NULL, NULL, 1),
	(63, '2022-12-04 15:13:19', '2022-12-04 15:13:19', NULL, NULL, NULL, 1),
	(64, '2022-12-04 15:13:19', '2022-12-04 15:13:19', NULL, NULL, NULL, 1),
	(65, '2022-12-04 15:13:19', '2022-12-04 15:13:19', NULL, NULL, NULL, 1),
	(66, '2022-12-04 15:13:19', '2022-12-04 15:13:19', NULL, NULL, NULL, 1),
	(67, '2022-12-04 15:13:19', '2022-12-04 15:13:19', NULL, NULL, NULL, 1),
	(68, '2022-12-04 15:13:19', '2022-12-04 15:13:19', NULL, NULL, NULL, 1),
	(69, '2022-12-04 15:13:19', '2022-12-04 15:13:19', NULL, NULL, NULL, 1),
	(70, '2022-12-04 15:13:19', '2022-12-04 15:13:19', NULL, NULL, NULL, 1),
	(71, '2022-12-04 15:13:19', '2022-12-04 15:13:19', NULL, NULL, NULL, 1),
	(72, '2022-12-04 15:13:19', '2022-12-04 15:13:19', NULL, NULL, NULL, 1),
	(73, '2022-12-04 15:13:19', '2022-12-04 15:13:19', NULL, NULL, NULL, 1),
	(74, '2022-12-04 15:13:19', '2022-12-04 15:13:19', NULL, NULL, NULL, 1),
	(75, '2022-12-04 15:13:19', '2022-12-04 15:13:19', NULL, NULL, NULL, 1),
	(76, '2022-12-04 15:13:19', '2022-12-04 15:13:19', NULL, NULL, NULL, 1),
	(77, '2022-12-04 15:13:19', '2022-12-04 15:13:19', NULL, NULL, NULL, 1),
	(78, '2022-12-04 15:13:19', '2022-12-04 15:13:19', NULL, NULL, NULL, 1),
	(79, '2022-12-04 15:13:19', '2022-12-04 15:13:19', NULL, NULL, NULL, 1),
	(80, '2022-12-04 15:13:19', '2022-12-04 15:13:19', NULL, NULL, NULL, 1),
	(81, '2022-12-04 15:13:19', '2022-12-04 15:13:19', NULL, NULL, NULL, 1),
	(82, '2022-12-04 15:13:19', '2022-12-04 15:13:19', NULL, NULL, NULL, 1),
	(83, '2022-12-04 15:13:19', '2022-12-04 15:13:19', NULL, NULL, NULL, 1),
	(84, '2022-12-04 15:13:19', '2022-12-04 15:13:19', NULL, NULL, NULL, 1),
	(85, '2022-12-04 15:13:19', '2022-12-04 15:13:19', NULL, NULL, NULL, 1),
	(86, '2022-12-04 15:13:19', '2022-12-04 15:13:19', NULL, NULL, NULL, 1),
	(87, '2022-12-04 15:13:19', '2022-12-04 15:13:19', NULL, NULL, NULL, 1),
	(88, '2022-12-04 15:13:19', '2022-12-04 15:13:19', NULL, NULL, NULL, 1),
	(89, '2022-12-04 15:13:19', '2022-12-04 15:13:19', NULL, NULL, NULL, 1),
	(90, '2022-12-04 15:13:19', '2022-12-04 15:13:19', NULL, NULL, NULL, 1),
	(91, '2022-12-04 15:13:19', '2022-12-04 15:13:19', NULL, NULL, NULL, 1),
	(92, '2022-12-04 15:13:19', '2022-12-04 15:13:19', NULL, NULL, NULL, 1),
	(93, '2022-12-04 15:13:19', '2022-12-04 15:13:19', NULL, NULL, NULL, 1),
	(94, '2022-12-04 15:13:19', '2022-12-04 15:13:19', NULL, NULL, NULL, 1),
	(95, '2022-12-04 15:13:19', '2022-12-04 15:13:19', NULL, NULL, NULL, 1),
	(96, '2022-12-04 15:13:19', '2022-12-04 15:13:19', NULL, NULL, NULL, 1),
	(97, '2022-12-04 15:13:19', '2022-12-04 15:13:19', NULL, NULL, NULL, 1),
	(98, '2022-12-04 15:13:19', '2022-12-04 15:13:19', NULL, NULL, NULL, 1),
	(99, '2022-12-04 15:13:19', '2022-12-04 15:13:19', NULL, NULL, NULL, 1),
	(100, '2022-12-04 15:13:19', '2022-12-04 15:13:19', NULL, NULL, NULL, 1),
	(101, '2022-12-04 15:13:19', '2022-12-04 15:13:19', NULL, NULL, NULL, 1),
	(102, '2022-12-04 15:13:19', '2022-12-04 15:13:19', NULL, NULL, NULL, 1),
	(103, '2022-12-04 15:13:19', '2022-12-04 15:13:19', NULL, NULL, NULL, 1);
/*!40000 ALTER TABLE `payment` ENABLE KEYS */;

-- Dumping structure for table datn.registration
DROP TABLE IF EXISTS `registration`;
CREATE TABLE IF NOT EXISTS `registration` (
  `id` int(11) NOT NULL AUTO_INCREMENT,
  `created_at` datetime NOT NULL DEFAULT current_timestamp(),
  `updated_at` datetime NOT NULL DEFAULT current_timestamp(),
  `studentId` int(11) DEFAULT NULL,
  `type` varchar(50) DEFAULT NULL,
  `status` int(11) DEFAULT NULL,
  `certificateId` int(11) DEFAULT NULL,
  `courseId` int(11) DEFAULT NULL,
  `paymentId` int(11) DEFAULT NULL,
  PRIMARY KEY (`id`),
  KEY `FK_registration_student` (`studentId`),
  KEY `FK_registration_certificate` (`certificateId`),
  KEY `FK_registration_payment` (`paymentId`),
  KEY `FK_registration_course` (`courseId`),
  CONSTRAINT `FK_registration_certificate` FOREIGN KEY (`certificateId`) REFERENCES `certificate` (`id`) ON DELETE NO ACTION ON UPDATE NO ACTION,
  CONSTRAINT `FK_registration_course` FOREIGN KEY (`courseId`) REFERENCES `course` (`id`) ON DELETE NO ACTION ON UPDATE NO ACTION,
  CONSTRAINT `FK_registration_payment` FOREIGN KEY (`paymentId`) REFERENCES `payment` (`id`) ON DELETE NO ACTION ON UPDATE NO ACTION,
  CONSTRAINT `FK_registration_student` FOREIGN KEY (`studentId`) REFERENCES `student` (`id`) ON DELETE NO ACTION ON UPDATE NO ACTION
) ENGINE=InnoDB AUTO_INCREMENT=134 DEFAULT CHARSET=latin1;

-- Dumping data for table datn.registration: ~133 rows (approximately)
/*!40000 ALTER TABLE `registration` DISABLE KEYS */;
INSERT INTO `registration` (`id`, `created_at`, `updated_at`, `studentId`, `type`, `status`, `certificateId`, `courseId`, `paymentId`) VALUES
	(1, '2022-12-04 15:13:19', '2022-12-18 20:26:28', 1, 'thi', 1, 3, NULL, 1),
	(2, '2022-12-04 15:13:19', '2022-12-04 15:13:19', 2, 'ôn', NULL, 2, 3, 2),
	(3, '2022-12-04 15:13:19', '2022-12-04 15:13:19', 3, 'ôn', NULL, 2, 4, 3),
	(4, '2022-12-04 15:13:19', '2022-12-04 15:13:19', 4, 'ôn', NULL, 2, 3, 4),
	(5, '2022-12-04 15:13:19', '2022-12-18 20:26:28', 5, 'thi', 1, 3, NULL, 5),
	(6, '2022-12-04 15:13:19', '2022-12-04 15:13:19', 6, 'ôn', NULL, 2, 3, 6),
	(7, '2022-12-04 15:13:19', '2022-12-29 19:48:28', 7, 'thi', 1, 1, NULL, 7),
	(8, '2022-12-04 15:13:19', '2022-12-18 11:01:55', 8, 'ôn', NULL, 1, 1, 8),
	(9, '2022-12-04 15:13:19', '2022-12-29 19:55:21', 8, 'thi', 1, 1, NULL, 8),
	(10, '2022-12-04 15:13:19', '2022-12-04 15:13:19', 9, 'ôn', NULL, 2, 3, 9),
	(11, '2022-12-04 15:13:19', '2022-12-18 20:26:28', 10, 'thi', 1, 2, NULL, 10),
	(12, '2022-12-04 15:13:19', '2022-12-18 20:26:28', 11, 'thi', 1, 2, NULL, 11),
	(13, '2022-12-04 15:13:19', '2022-12-04 15:13:19', 12, 'ôn', NULL, 1, 2, 12),
	(14, '2022-12-04 15:13:19', '2022-12-18 20:26:28', 12, 'thi', 1, 1, NULL, 12),
	(15, '2022-12-04 15:13:19', '2022-12-18 20:26:28', 13, 'thi', 1, 1, NULL, 13),
	(16, '2022-12-04 15:13:19', '2022-12-04 15:13:19', 14, 'ôn', NULL, 2, 3, 14),
	(17, '2022-12-04 15:13:19', '2022-12-18 20:26:28', 15, 'thi', 1, 3, NULL, 15),
	(18, '2022-12-04 15:13:19', '2022-12-04 15:13:19', 16, 'ôn', NULL, 1, 1, 16),
	(19, '2022-12-04 15:13:19', '2022-12-18 20:26:28', 16, 'thi', 1, 1, NULL, 16),
	(20, '2022-12-04 15:13:19', '2022-12-04 15:13:19', 17, 'ôn', NULL, 3, 5, 17),
	(21, '2022-12-04 15:13:19', '2022-12-18 20:26:28', 17, 'thi', 1, 3, NULL, 17),
	(22, '2022-12-04 15:13:19', '2022-12-04 15:13:19', 18, 'ôn', NULL, 1, 1, 18),
	(23, '2022-12-04 15:13:19', '2022-12-18 20:26:28', 18, 'thi', 1, 1, NULL, 18),
	(24, '2022-12-04 15:13:19', '2022-12-04 15:13:19', 19, 'ôn', NULL, 3, 6, 19),
	(25, '2022-12-04 15:13:19', '2022-12-18 20:26:28', 19, 'thi', 1, 3, NULL, 19),
	(26, '2022-12-04 15:13:19', '2022-12-04 15:13:19', 20, 'ôn', NULL, 2, 3, 20),
	(27, '2022-12-04 15:13:19', '2022-12-04 15:13:19', 21, 'ôn', NULL, 1, 1, 21),
	(28, '2022-12-04 15:13:19', '2022-12-18 20:26:28', 21, 'thi', 1, 1, NULL, 21),
	(29, '2022-12-04 15:13:19', '2022-12-04 15:13:19', 22, 'ôn', NULL, 1, 2, 22),
	(30, '2022-12-04 15:13:19', '2022-12-18 20:26:28', 22, 'thi', 1, 1, NULL, 22),
	(31, '2022-12-04 15:13:19', '2022-12-18 20:26:28', 23, 'thi', 1, 1, NULL, 23),
	(32, '2022-12-04 15:13:19', '2022-12-18 20:26:28', 24, 'thi', 1, 2, NULL, 24),
	(33, '2022-12-04 15:13:19', '2022-12-04 15:13:19', 25, 'ôn', NULL, 1, 1, 25),
	(34, '2022-12-04 15:13:19', '2022-12-18 20:26:28', 25, 'thi', 1, 1, NULL, 25),
	(35, '2022-12-04 15:13:19', '2022-12-18 20:26:28', 26, 'thi', 1, 2, NULL, 26),
	(36, '2022-12-04 15:13:19', '2022-12-18 20:26:28', 27, 'thi', 1, 1, NULL, 27),
	(37, '2022-12-04 15:13:19', '2022-12-18 20:26:28', 28, 'thi', 1, 2, NULL, 28),
	(38, '2022-12-04 15:13:19', '2022-12-04 15:13:19', 29, 'ôn', NULL, 3, 5, 29),
	(39, '2022-12-04 15:13:19', '2022-12-18 20:26:28', 29, 'thi', 1, 3, NULL, 29),
	(40, '2022-12-04 15:13:19', '2022-12-04 15:13:19', 30, 'ôn', NULL, 1, 1, 30),
	(41, '2022-12-04 15:13:19', '2022-12-18 20:26:28', 31, 'thi', 1, 2, NULL, 31),
	(42, '2022-12-04 15:13:19', '2022-12-04 15:13:19', 32, 'ôn', NULL, 3, 6, 32),
	(43, '2022-12-04 15:13:19', '2022-12-18 20:26:28', 32, 'thi', 1, 3, NULL, 32),
	(44, '2022-12-04 15:13:19', '2022-12-18 20:26:28', 33, 'thi', 1, 3, NULL, 33),
	(45, '2022-12-04 15:13:19', '2022-12-18 20:26:28', 34, 'thi', 1, 2, NULL, 34),
	(46, '2022-12-04 15:13:19', '2022-12-04 15:13:19', 35, 'ôn', NULL, 2, 3, 35),
	(47, '2022-12-04 15:13:19', '2022-12-18 20:26:28', 35, 'thi', 1, 2, NULL, 35),
	(48, '2022-12-04 15:13:19', '2022-12-18 20:26:28', 36, 'thi', 1, 3, NULL, 36),
	(49, '2022-12-04 15:13:19', '2022-12-18 20:26:28', 37, 'thi', 1, 1, NULL, 37),
	(50, '2022-12-04 15:13:19', '2022-12-04 15:13:19', 38, 'ôn', NULL, 3, 5, 38),
	(51, '2022-12-04 15:13:19', '2022-12-18 20:26:28', 38, 'thi', 1, 3, NULL, 38),
	(52, '2022-12-04 15:13:19', '2022-12-04 15:13:19', 39, 'ôn', NULL, 1, 1, 39),
	(53, '2022-12-04 15:13:19', '2022-12-04 15:13:19', 40, 'ôn', NULL, 1, 1, 40),
	(54, '2022-12-04 15:13:19', '2022-12-04 15:13:19', 41, 'ôn', NULL, 2, 3, 41),
	(55, '2022-12-04 15:13:19', '2022-12-04 15:13:19', 42, 'ôn', NULL, 3, 5, 42),
	(56, '2022-12-04 15:13:19', '2022-12-18 20:26:28', 42, 'thi', 1, 3, NULL, 42),
	(57, '2022-12-04 15:13:19', '2022-12-04 15:13:19', 43, 'ôn', NULL, 2, 3, 43),
	(58, '2022-12-04 15:13:19', '2022-12-04 15:13:19', 44, 'ôn', NULL, 3, 5, 44),
	(59, '2022-12-04 15:13:19', '2022-12-18 20:26:28', 44, 'thi', 1, 3, NULL, 44),
	(60, '2022-12-04 15:13:19', '2022-12-04 15:13:19', 45, 'ôn', NULL, 1, 2, 45),
	(61, '2022-12-04 15:13:19', '2022-12-18 20:26:28', 45, 'thi', 1, 1, NULL, 45),
	(62, '2022-12-04 15:13:19', '2022-12-04 15:13:19', 46, 'ôn', NULL, 2, 4, 46),
	(63, '2022-12-04 15:13:19', '2022-12-18 20:26:28', 47, 'thi', 1, 3, NULL, 47),
	(64, '2022-12-04 15:13:19', '2022-12-18 20:26:28', 48, 'thi', 1, 1, NULL, 48),
	(65, '2022-12-04 15:13:19', '2022-12-04 15:13:19', 49, 'ôn', NULL, 3, 6, 49),
	(66, '2022-12-04 15:13:19', '2022-12-18 20:26:28', 49, 'thi', 1, 3, NULL, 49),
	(67, '2022-12-04 15:13:19', '2022-12-18 20:26:28', 50, 'thi', 1, 1, NULL, 50),
	(68, '2022-12-04 15:13:19', '2022-12-04 15:13:19', 51, 'ôn', NULL, 3, 6, 51),
	(69, '2022-12-04 15:13:19', '2022-12-04 15:13:19', 52, 'ôn', NULL, 2, 4, 52),
	(70, '2022-12-04 15:13:19', '2022-12-04 15:13:19', 53, 'ôn', NULL, 1, 2, 53),
	(71, '2022-12-04 15:13:19', '2022-12-18 20:26:28', 54, 'thi', 1, 1, NULL, 54),
	(72, '2022-12-04 15:13:19', '2022-12-04 15:13:19', 55, 'ôn', NULL, 1, 1, 55),
	(73, '2022-12-04 15:13:19', '2022-12-04 15:13:19', 56, 'ôn', NULL, 1, 1, 56),
	(74, '2022-12-04 15:13:19', '2022-12-04 15:13:19', 57, 'ôn', NULL, 2, 3, 57),
	(75, '2022-12-04 15:13:19', '2022-12-18 20:26:28', 57, 'thi', 1, 2, NULL, 57),
	(76, '2022-12-04 15:13:19', '2022-12-04 15:13:19', 58, 'ôn', NULL, 2, 4, 58),
	(77, '2022-12-04 15:13:19', '2022-12-04 15:13:19', 59, 'ôn', NULL, 1, 2, 59),
	(78, '2022-12-04 15:13:19', '2022-12-18 20:26:28', 59, 'thi', 1, 1, NULL, 59),
	(79, '2022-12-04 15:13:19', '2022-12-18 20:26:28', 60, 'thi', 1, 3, NULL, 60),
	(80, '2022-12-04 15:13:19', '2022-12-04 15:13:19', 61, 'ôn', NULL, 2, 3, 61),
	(81, '2022-12-04 15:13:19', '2022-12-18 20:26:28', 61, 'thi', 1, 2, NULL, 61),
	(82, '2022-12-04 15:13:19', '2022-12-18 20:26:28', 62, 'thi', 1, 1, NULL, 62),
	(83, '2022-12-04 15:13:19', '2022-12-04 15:13:19', 63, 'ôn', NULL, 3, 6, 63),
	(84, '2022-12-04 15:13:19', '2022-12-18 20:26:28', 63, 'thi', 1, 3, NULL, 63),
	(85, '2022-12-04 15:13:19', '2022-12-04 15:13:19', 64, 'ôn', NULL, 1, 1, 64),
	(86, '2022-12-04 15:13:19', '2022-12-18 20:26:28', 64, 'thi', 1, 1, NULL, 64),
	(87, '2022-12-04 15:13:19', '2022-12-04 15:13:19', 65, 'ôn', NULL, 3, 5, 65),
	(88, '2022-12-04 15:13:19', '2022-12-04 15:13:19', 66, 'ôn', NULL, 2, 3, 66),
	(89, '2022-12-04 15:13:19', '2022-12-18 20:26:28', 67, 'thi', 1, 3, NULL, 67),
	(90, '2022-12-04 15:13:19', '2022-12-04 15:13:19', 68, 'ôn', NULL, 3, 5, 68),
	(91, '2022-12-04 15:13:19', '2022-12-04 15:13:19', 69, 'ôn', NULL, 3, 5, 69),
	(92, '2022-12-04 15:13:19', '2022-12-04 15:13:19', 70, 'ôn', NULL, 1, 2, 70),
	(93, '2022-12-04 15:13:19', '2022-12-04 15:13:19', 71, 'ôn', NULL, 3, 6, 71),
	(94, '2022-12-04 15:13:19', '2022-12-18 20:26:28', 71, 'thi', 1, 3, NULL, 71),
	(95, '2022-12-04 15:13:19', '2022-12-04 15:13:19', 72, 'ôn', NULL, 2, 3, 72),
	(96, '2022-12-04 15:13:19', '2022-12-04 15:13:19', 73, 'ôn', NULL, 2, 4, 73),
	(97, '2022-12-04 15:13:19', '2022-12-18 20:26:28', 73, 'thi', 1, 2, NULL, 73),
	(98, '2022-12-04 15:13:19', '2022-12-04 15:13:19', 74, 'ôn', NULL, 2, 3, 74),
	(99, '2022-12-04 15:13:19', '2022-12-04 15:13:19', 75, 'ôn', NULL, 2, 3, 75),
	(100, '2022-12-04 15:13:19', '2022-12-18 20:26:28', 76, 'thi', 1, 1, NULL, 76),
	(101, '2022-12-04 15:13:19', '2022-12-04 15:13:19', 77, 'ôn', NULL, 3, 5, 77),
	(102, '2022-12-04 15:13:19', '2022-12-18 20:26:28', 77, 'thi', 1, 3, NULL, 77),
	(103, '2022-12-04 15:13:19', '2022-12-04 15:13:19', 78, 'ôn', NULL, 2, 4, 78),
	(104, '2022-12-04 15:13:19', '2022-12-18 20:26:28', 78, 'thi', 1, 2, NULL, 78),
	(105, '2022-12-04 15:13:19', '2022-12-18 20:26:28', 79, 'thi', 1, 2, NULL, 79),
	(106, '2022-12-04 15:13:19', '2022-12-04 15:13:19', 80, 'ôn', NULL, 2, 3, 80),
	(107, '2022-12-04 15:13:19', '2022-12-18 20:26:28', 80, 'thi', 1, 2, NULL, 80),
	(108, '2022-12-04 15:13:19', '2022-12-04 15:13:19', 81, 'ôn', NULL, 3, 5, 81),
	(109, '2022-12-04 15:13:19', '2022-12-18 20:26:28', 81, 'thi', 1, 3, NULL, 81),
	(110, '2022-12-04 15:13:19', '2022-12-18 20:26:28', 82, 'thi', 1, 1, NULL, 82),
	(111, '2022-12-04 15:13:19', '2022-12-18 20:26:28', 83, 'thi', 1, 3, NULL, 83),
	(112, '2022-12-04 15:13:19', '2022-12-18 20:26:28', 84, 'thi', 1, 2, NULL, 84),
	(113, '2022-12-04 15:13:19', '2022-12-18 20:26:28', 85, 'thi', 1, 3, NULL, 85),
	(114, '2022-12-04 15:13:19', '2022-12-04 15:13:19', 86, 'ôn', NULL, 2, 3, 86),
	(115, '2022-12-04 15:13:19', '2022-12-18 20:26:28', 86, 'thi', 1, 2, NULL, 86),
	(116, '2022-12-04 15:13:19', '2022-12-04 15:13:19', 87, 'ôn', NULL, 3, 5, 87),
	(117, '2022-12-04 15:13:19', '2022-12-18 20:26:28', 88, 'thi', 1, 2, NULL, 88),
	(118, '2022-12-04 15:13:19', '2022-12-18 20:26:28', 89, 'thi', 1, 3, NULL, 89),
	(119, '2022-12-04 15:13:19', '2022-12-04 15:13:19', 90, 'ôn', NULL, 2, 3, 90),
	(120, '2022-12-04 15:13:19', '2022-12-18 20:26:28', 91, 'thi', 1, 2, NULL, 91),
	(121, '2022-12-04 15:13:19', '2022-12-04 15:13:19', 92, 'ôn', NULL, 3, 5, 92),
	(122, '2022-12-04 15:13:19', '2022-12-04 15:13:19', 93, 'ôn', NULL, 3, 5, 93),
	(123, '2022-12-04 15:13:19', '2022-12-04 15:13:19', 94, 'ôn', NULL, 2, 3, 94),
	(124, '2022-12-04 15:13:19', '2022-12-18 20:26:28', 95, 'thi', 1, 1, NULL, 95),
	(125, '2022-12-04 15:13:19', '2022-12-18 20:26:28', 96, 'thi', 1, 2, NULL, 96),
	(126, '2022-12-04 15:13:19', '2022-12-18 20:26:28', 97, 'thi', 1, 1, NULL, 97),
	(127, '2022-12-04 15:13:19', '2022-12-18 20:26:28', 98, 'thi', 1, 1, NULL, 98),
	(128, '2022-12-04 15:13:19', '2022-12-04 15:13:19', 99, 'ôn', NULL, 3, 5, 99),
	(129, '2022-12-04 15:13:19', '2022-12-18 20:26:28', 100, 'thi', 1, 2, NULL, 100),
	(130, '2022-12-04 15:13:19', '2022-12-04 15:13:19', 101, 'ôn', NULL, 1, 1, 101),
	(131, '2022-12-04 15:13:19', '2022-12-04 15:13:19', 102, 'ôn', NULL, 1, 2, 102),
	(132, '2022-12-04 15:13:19', '2022-12-18 20:26:28', 102, 'thi', 1, 1, NULL, 102),
	(133, '2022-12-04 15:13:19', '2022-12-04 15:13:19', 103, 'ôn', NULL, 2, 4, 103);
/*!40000 ALTER TABLE `registration` ENABLE KEYS */;

-- Dumping structure for table datn.student
DROP TABLE IF EXISTS `student`;
CREATE TABLE IF NOT EXISTS `student` (
  `id` int(11) NOT NULL AUTO_INCREMENT,
  `created_at` datetime NOT NULL DEFAULT current_timestamp(),
  `updated_at` datetime NOT NULL DEFAULT current_timestamp(),
  `firstName` varchar(255) CHARACTER SET utf8mb4 COLLATE utf8mb4_vietnamese_ci DEFAULT NULL,
  `lastName` varchar(255) CHARACTER SET utf8mb4 COLLATE utf8mb4_vietnamese_ci DEFAULT NULL,
  `avatar` varchar(255) DEFAULT NULL,
  `gender` varchar(255) CHARACTER SET utf8mb4 COLLATE utf8mb4_vietnamese_ci DEFAULT NULL,
  `citizenId` varchar(255) DEFAULT NULL,
  `dayOfBirth` varchar(255) DEFAULT NULL,
  `monthOfBirth` varchar(255) DEFAULT NULL,
  `yearOfBirth` varchar(255) DEFAULT NULL,
  `placeOfBirth` varchar(255) CHARACTER SET utf8mb4 COLLATE utf8mb4_vietnamese_ci DEFAULT NULL,
  `phoneNumber` varchar(255) DEFAULT NULL,
  `email` varchar(255) DEFAULT NULL,
  `ethnic` varchar(255) CHARACTER SET utf8mb4 COLLATE utf8mb4_vietnamese_ci DEFAULT NULL,
  `code` varchar(50) DEFAULT NULL,
  `description` varchar(255) DEFAULT NULL,
  PRIMARY KEY (`id`),
  KEY `FK_student_ethnic` (`ethnic`),
  KEY `FK_student_city` (`placeOfBirth`),
  CONSTRAINT `FK_student_city` FOREIGN KEY (`placeOfBirth`) REFERENCES `city` (`name`) ON DELETE NO ACTION ON UPDATE NO ACTION,
  CONSTRAINT `FK_student_ethnic` FOREIGN KEY (`ethnic`) REFERENCES `ethnic` (`name`) ON DELETE NO ACTION ON UPDATE NO ACTION
) ENGINE=InnoDB AUTO_INCREMENT=104 DEFAULT CHARSET=latin1;

-- Dumping data for table datn.student: ~105 rows (approximately)
/*!40000 ALTER TABLE `student` DISABLE KEYS */;
INSERT INTO `student` (`id`, `created_at`, `updated_at`, `firstName`, `lastName`, `avatar`, `gender`, `citizenId`, `dayOfBirth`, `monthOfBirth`, `yearOfBirth`, `placeOfBirth`, `phoneNumber`, `email`, `ethnic`, `code`, `description`) VALUES
	(1, '2022-12-04 15:13:19', '2022-12-29 15:23:06', 'Nguyễn Tuấn', 'Anh', 'https://firebasestorage.googleapis.com/v0/b/datn-f3d5e.appspot.com/o/avatars%2Fimg_avatar.png?alt=media&token=d0e65e3f-6cf7-4aed-9d81-bd738147115f', 'Nam', '000002486', '24', '04', '2000', 'Hà Nội', NULL, NULL, 'Kinh', 'casc', NULL),
	(2, '2022-12-04 15:13:19', '2022-12-04 15:13:19', 'Phạm Tuấn', 'Anh', 'https://firebasestorage.googleapis.com/v0/b/datn-f3d5e.appspot.com/o/avatars%2Fimg_avatar.png?alt=media&token=d0e65e3f-6cf7-4aed-9d81-bd738147115f', 'Nam', '000000609', '03', '06', '2000', 'Thái Bình', NULL, NULL, 'Kinh', '0000', NULL),
	(3, '2022-12-04 15:13:19', '2022-12-04 15:13:19', 'Phùng Quang', 'Anh', 'https://firebasestorage.googleapis.com/v0/b/datn-f3d5e.appspot.com/o/avatars%2Fimg_avatar.png?alt=media&token=d0e65e3f-6cf7-4aed-9d81-bd738147115f', 'Nam', '000001586', '17', '09', '2000', 'Hà Nội', NULL, NULL, 'Kinh', '0000', NULL),
	(4, '2022-12-04 15:13:19', '2022-12-04 15:13:19', 'Nguyễn Xuân', 'Canh', 'https://firebasestorage.googleapis.com/v0/b/datn-f3d5e.appspot.com/o/avatars%2Fimg_avatar.png?alt=media&token=d0e65e3f-6cf7-4aed-9d81-bd738147115f', 'Nam', '000001689', '09', '03', '2000', 'Hà Nội', NULL, NULL, 'Kinh', '0000', NULL),
	(5, '2022-12-04 15:13:19', '2022-12-04 15:13:19', 'Phạm Văn', 'Chương', 'https://firebasestorage.googleapis.com/v0/b/datn-f3d5e.appspot.com/o/avatars%2Fimg_avatar.png?alt=media&token=d0e65e3f-6cf7-4aed-9d81-bd738147115f', 'Nam', '000001358', '25', '06', '2000', 'Nam Định', NULL, NULL, 'Kinh', '0000', NULL),
	(6, '2022-12-04 15:13:19', '2022-12-04 15:13:19', 'Nguyễn Văn', 'Dũng', 'https://firebasestorage.googleapis.com/v0/b/datn-f3d5e.appspot.com/o/avatars%2Fimg_avatar.png?alt=media&token=d0e65e3f-6cf7-4aed-9d81-bd738147115f', 'Nam', '000001434', '05', '07', '2000', 'Nghệ An', NULL, NULL, 'Kinh', '0000', NULL),
	(7, '2022-12-04 15:13:19', '2022-12-04 15:13:19', 'Vũ Tuấn', 'Dương', 'https://firebasestorage.googleapis.com/v0/b/datn-f3d5e.appspot.com/o/avatars%2Fimg_avatar.png?alt=media&token=d0e65e3f-6cf7-4aed-9d81-bd738147115f', 'Nam', '000001378', '01', '05', '2000', 'Ninh Bình', NULL, NULL, 'Kinh', '0000', NULL),
	(8, '2022-12-04 15:13:19', '2022-12-29 15:49:08', 'Lương Hoàng', 'Đạt', 'https://firebasestorage.googleapis.com/v0/b/datn-f3d5e.appspot.com/o/avatars%2Fimg_avatar.png?alt=media&token=d0e65e3f-6cf7-4aed-9d81-bd738147115f', 'Nam', '000001879', '10', '05', '2000', 'Hà Nam', NULL, NULL, 'Kinh', '0001', NULL),
	(9, '2022-12-04 15:13:19', '2022-12-04 15:13:19', 'Ngô Xuân', 'Đạt', 'https://firebasestorage.googleapis.com/v0/b/datn-f3d5e.appspot.com/o/avatars%2Fimg_avatar.png?alt=media&token=d0e65e3f-6cf7-4aed-9d81-bd738147115f', 'Nam', '000001428', '26', '10', '2000', 'Thanh Hóa', NULL, NULL, 'Kinh', '0000', NULL),
	(10, '2022-12-04 15:13:19', '2022-12-04 15:13:19', 'Tạ Thành', 'Đạt', 'https://firebasestorage.googleapis.com/v0/b/datn-f3d5e.appspot.com/o/avatars%2Fimg_avatar.png?alt=media&token=d0e65e3f-6cf7-4aed-9d81-bd738147115f', 'Nam', '000001282', '14', '09', '2000', 'Hưng Yên', NULL, NULL, 'Kinh', '0000', NULL),
	(11, '2022-12-04 15:13:19', '2022-12-04 15:13:19', 'Nguyễn Đức', 'Đông', 'https://firebasestorage.googleapis.com/v0/b/datn-f3d5e.appspot.com/o/avatars%2Fimg_avatar.png?alt=media&token=d0e65e3f-6cf7-4aed-9d81-bd738147115f', 'Nam', '000001650', '07', '03', '2000', 'Hà Nội', NULL, NULL, 'Kinh', '0000', NULL),
	(12, '2022-12-04 15:13:19', '2022-12-04 15:13:19', 'Đào Minh', 'Đức', 'https://firebasestorage.googleapis.com/v0/b/datn-f3d5e.appspot.com/o/avatars%2Fimg_avatar.png?alt=media&token=d0e65e3f-6cf7-4aed-9d81-bd738147115f', 'Nam', '000001882', '29', '10', '2000', 'Thái Nguyên', NULL, NULL, 'Kinh', '0000', NULL),
	(13, '2022-12-04 15:13:19', '2022-12-04 15:13:19', 'Đào Văn', 'Hải', 'https://firebasestorage.googleapis.com/v0/b/datn-f3d5e.appspot.com/o/avatars%2Fimg_avatar.png?alt=media&token=d0e65e3f-6cf7-4aed-9d81-bd738147115f', 'Nam', '000001809', '22', '06', '2000', 'Hà Nội', NULL, NULL, 'Kinh', '0000', NULL),
	(14, '2022-12-04 15:13:19', '2022-12-04 15:13:19', 'Đỗ Ngọc', 'Hải', 'https://firebasestorage.googleapis.com/v0/b/datn-f3d5e.appspot.com/o/avatars%2Fimg_avatar.png?alt=media&token=d0e65e3f-6cf7-4aed-9d81-bd738147115f', 'Nam', '000001648', '28', '08', '2000', 'Hưng Yên', NULL, NULL, 'Kinh', '0000', NULL),
	(15, '2022-12-04 15:13:19', '2022-12-04 15:13:19', 'Vũ Tiến', 'Hiệu', 'https://firebasestorage.googleapis.com/v0/b/datn-f3d5e.appspot.com/o/avatars%2Fimg_avatar.png?alt=media&token=d0e65e3f-6cf7-4aed-9d81-bd738147115f', 'Nam', '000001310', '09', '11', '2000', 'Thái Bình', NULL, NULL, 'Kinh', '0000', NULL),
	(16, '2022-12-04 15:13:19', '2022-12-04 15:13:19', 'Lê Công', 'Huy', 'https://firebasestorage.googleapis.com/v0/b/datn-f3d5e.appspot.com/o/avatars%2Fimg_avatar.png?alt=media&token=d0e65e3f-6cf7-4aed-9d81-bd738147115f', 'Nam', '000000174', '12', '09', '2000', 'Hà Giang', NULL, NULL, 'Kinh', '0000', NULL),
	(17, '2022-12-04 15:13:19', '2022-12-04 15:13:19', 'Trần Trọng', 'Hòa', 'https://firebasestorage.googleapis.com/v0/b/datn-f3d5e.appspot.com/o/avatars%2Fimg_avatar.png?alt=media&token=d0e65e3f-6cf7-4aed-9d81-bd738147115f', 'Nam', '000001878', '25', '02', '2000', 'Hòa Bình', NULL, NULL, 'Kinh', '0000', NULL),
	(18, '2022-12-04 15:13:19', '2022-12-04 15:13:19', 'Tạ Văn', 'Hoàng', 'https://firebasestorage.googleapis.com/v0/b/datn-f3d5e.appspot.com/o/avatars%2Fimg_avatar.png?alt=media&token=d0e65e3f-6cf7-4aed-9d81-bd738147115f', 'Nam', '000001781', '13', '07', '2000', 'Hà Nội', NULL, NULL, 'Kinh', '0000', NULL),
	(19, '2022-12-04 15:13:19', '2022-12-04 15:13:19', 'Trần Phúc', 'Hưng', 'https://firebasestorage.googleapis.com/v0/b/datn-f3d5e.appspot.com/o/avatars%2Fimg_avatar.png?alt=media&token=d0e65e3f-6cf7-4aed-9d81-bd738147115f', 'Nam', '000001460', '10', '09', '2000', 'Nam Định', NULL, NULL, 'Kinh', '0000', NULL),
	(20, '2022-12-04 15:13:19', '2022-12-04 15:13:19', 'Vũ Việt', 'Hưng', 'https://firebasestorage.googleapis.com/v0/b/datn-f3d5e.appspot.com/o/avatars%2Fimg_avatar.png?alt=media&token=d0e65e3f-6cf7-4aed-9d81-bd738147115f', 'Nam', '000001488', '16', '09', '2000', 'Hà Nội', NULL, NULL, 'Kinh', '0000', NULL),
	(21, '2022-12-04 15:13:19', '2022-12-04 15:13:19', 'Nguyễn Quang', 'Khải', 'https://firebasestorage.googleapis.com/v0/b/datn-f3d5e.appspot.com/o/avatars%2Fimg_avatar.png?alt=media&token=d0e65e3f-6cf7-4aed-9d81-bd738147115f', 'Nam', '000001527', '14', '08', '2000', 'Thái Bình', NULL, NULL, 'Kinh', '0000', NULL),
	(22, '2022-12-04 15:13:19', '2022-12-04 15:13:19', 'Trần Ngọc', 'Khánh', 'https://firebasestorage.googleapis.com/v0/b/datn-f3d5e.appspot.com/o/avatars%2Fimg_avatar.png?alt=media&token=d0e65e3f-6cf7-4aed-9d81-bd738147115f', 'Nam', '000000516', '07', '02', '2000', 'Hà Nam', NULL, NULL, 'Kinh', '0000', NULL),
	(23, '2022-12-04 15:13:19', '2022-12-04 15:13:19', 'Nguyễn Phan', 'Linh', 'https://firebasestorage.googleapis.com/v0/b/datn-f3d5e.appspot.com/o/avatars%2Fimg_avatar.png?alt=media&token=d0e65e3f-6cf7-4aed-9d81-bd738147115f', 'Nam', '000000013', '31', '08', '2000', 'Nghệ An', NULL, NULL, 'Kinh', '0000', NULL),
	(24, '2022-12-04 15:13:19', '2022-12-04 15:13:19', 'Bùi Đào Đức', 'Long', 'https://firebasestorage.googleapis.com/v0/b/datn-f3d5e.appspot.com/o/avatars%2Fimg_avatar.png?alt=media&token=d0e65e3f-6cf7-4aed-9d81-bd738147115f', 'Nam', '000001507', '23', '09', '2000', 'Hà Nội', NULL, NULL, 'Kinh', '0000', NULL),
	(25, '2022-12-04 15:13:19', '2022-12-04 15:13:19', 'Đoàn Hải', 'Long', 'https://firebasestorage.googleapis.com/v0/b/datn-f3d5e.appspot.com/o/avatars%2Fimg_avatar.png?alt=media&token=d0e65e3f-6cf7-4aed-9d81-bd738147115f', 'Nam', '000001680', '20', '03', '2000', 'Nam Định', NULL, NULL, 'Kinh', '0000', NULL),
	(26, '2022-12-04 15:13:19', '2022-12-04 15:13:19', 'Nguyễn Đức', 'Long', 'https://firebasestorage.googleapis.com/v0/b/datn-f3d5e.appspot.com/o/avatars%2Fimg_avatar.png?alt=media&token=d0e65e3f-6cf7-4aed-9d81-bd738147115f', 'Nam', '000001775', '06', '11', '2000', 'Thái Nguyên', NULL, NULL, 'Kinh', '0000', NULL),
	(27, '2022-12-04 15:13:19', '2022-12-04 15:13:19', 'Nguyễn Thành', 'Long', 'https://firebasestorage.googleapis.com/v0/b/datn-f3d5e.appspot.com/o/avatars%2Fimg_avatar.png?alt=media&token=d0e65e3f-6cf7-4aed-9d81-bd738147115f', 'Nam', '000001482', '13', '06', '2000', 'Hưng Yên', NULL, NULL, 'Kinh', '0000', NULL),
	(28, '2022-12-04 15:13:19', '2022-12-04 15:13:19', 'Vũ Đức', 'Mạnh', 'https://firebasestorage.googleapis.com/v0/b/datn-f3d5e.appspot.com/o/avatars%2Fimg_avatar.png?alt=media&token=d0e65e3f-6cf7-4aed-9d81-bd738147115f', 'Nam', '000001448', '30', '12', '2000', 'Nam Định', NULL, NULL, 'Kinh', '0000', NULL),
	(29, '2022-12-04 15:13:19', '2022-12-04 15:13:19', 'Bùi Ngọc', 'Minh', 'https://firebasestorage.googleapis.com/v0/b/datn-f3d5e.appspot.com/o/avatars%2Fimg_avatar.png?alt=media&token=d0e65e3f-6cf7-4aed-9d81-bd738147115f', 'Nam', '000001646', '05', '04', '2000', 'Thanh Hóa', NULL, NULL, 'Kinh', '0000', NULL),
	(30, '2022-12-04 15:13:19', '2022-12-04 15:13:19', 'Vũ Đức', 'Nhật', 'https://firebasestorage.googleapis.com/v0/b/datn-f3d5e.appspot.com/o/avatars%2Fimg_avatar.png?alt=media&token=d0e65e3f-6cf7-4aed-9d81-bd738147115f', 'Nam', '000001688', '31', '10', '2000', 'Nam Định', NULL, NULL, 'Kinh', '0000', NULL),
	(31, '2022-12-04 15:13:19', '2022-12-04 15:13:19', 'Nguyễn Nhật', 'Minh', 'https://firebasestorage.googleapis.com/v0/b/datn-f3d5e.appspot.com/o/avatars%2Fimg_avatar.png?alt=media&token=d0e65e3f-6cf7-4aed-9d81-bd738147115f', 'Nam', '000001757', '31', '08', '2000', 'Hà Nội', NULL, NULL, 'Kinh', '0000', NULL),
	(32, '2022-12-04 15:13:19', '2022-12-04 15:13:19', 'Nguyễn Quang', 'Minh', 'https://firebasestorage.googleapis.com/v0/b/datn-f3d5e.appspot.com/o/avatars%2Fimg_avatar.png?alt=media&token=d0e65e3f-6cf7-4aed-9d81-bd738147115f', 'Nam', '000001622', '02', '04', '2000', 'Hà Nội', NULL, NULL, 'Kinh', '0000', NULL),
	(33, '2022-12-04 15:13:19', '2022-12-04 15:13:19', 'Nguyễn Tuấn', 'Minh', 'https://firebasestorage.googleapis.com/v0/b/datn-f3d5e.appspot.com/o/avatars%2Fimg_avatar.png?alt=media&token=d0e65e3f-6cf7-4aed-9d81-bd738147115f', 'Nam', '000001872', '02', '01', '2000', 'Ninh Bình', NULL, NULL, 'Kinh', '0000', NULL),
	(34, '2022-12-04 15:13:19', '2022-12-04 15:13:19', 'Lê Trọng', 'Ninh', 'https://firebasestorage.googleapis.com/v0/b/datn-f3d5e.appspot.com/o/avatars%2Fimg_avatar.png?alt=media&token=d0e65e3f-6cf7-4aed-9d81-bd738147115f', 'Nam', '000001290', '15', '03', '2000', 'Thái Bình', NULL, NULL, 'Kinh', '0000', NULL),
	(35, '2022-12-04 15:13:19', '2022-12-04 15:13:19', 'Nguyễn Ngọc', 'Phan', 'https://firebasestorage.googleapis.com/v0/b/datn-f3d5e.appspot.com/o/avatars%2Fimg_avatar.png?alt=media&token=d0e65e3f-6cf7-4aed-9d81-bd738147115f', 'Nam', '000000034', '12', '09', '2000', 'Hà Nội', NULL, NULL, 'Kinh', '0000', NULL),
	(36, '2022-12-04 15:13:19', '2022-12-04 15:13:19', 'Trần Văn', 'Quang', 'https://firebasestorage.googleapis.com/v0/b/datn-f3d5e.appspot.com/o/avatars%2Fimg_avatar.png?alt=media&token=d0e65e3f-6cf7-4aed-9d81-bd738147115f', 'Nam', '000001308', '11', '02', '2000', 'Nam Định', NULL, NULL, 'Kinh', '0000', NULL),
	(37, '2022-12-04 15:13:19', '2022-12-04 15:13:19', 'Vũ Trường', 'Sơn', 'https://firebasestorage.googleapis.com/v0/b/datn-f3d5e.appspot.com/o/avatars%2Fimg_avatar.png?alt=media&token=d0e65e3f-6cf7-4aed-9d81-bd738147115f', 'Nam', '000001947', '01', '10', '2000', 'Hà Nội', NULL, NULL, 'Kinh', '0000', NULL),
	(38, '2022-12-04 15:13:19', '2022-12-04 15:13:19', 'Ngô Tiến', 'Thành', 'https://firebasestorage.googleapis.com/v0/b/datn-f3d5e.appspot.com/o/avatars%2Fimg_avatar.png?alt=media&token=d0e65e3f-6cf7-4aed-9d81-bd738147115f', 'Nam', '000001330', '20', '03', '2000', 'Bắc Ninh', NULL, NULL, 'Kinh', '0000', NULL),
	(39, '2022-12-04 15:13:19', '2022-12-04 15:13:19', 'Trần Bá', 'Thánh', 'https://firebasestorage.googleapis.com/v0/b/datn-f3d5e.appspot.com/o/avatars%2Fimg_avatar.png?alt=media&token=d0e65e3f-6cf7-4aed-9d81-bd738147115f', 'Nam', '000001676', '12', '12', '2000', 'Thanh Hóa', NULL, NULL, 'Kinh', '0000', NULL),
	(40, '2022-12-04 15:13:19', '2022-12-04 15:13:19', 'Từ Việt', 'Thảo', 'https://firebasestorage.googleapis.com/v0/b/datn-f3d5e.appspot.com/o/avatars%2Fimg_avatar.png?alt=media&token=d0e65e3f-6cf7-4aed-9d81-bd738147115f', 'Nam', '000000076', '02', '04', '2000', 'Hà Nội', NULL, NULL, 'Kinh', '0000', NULL),
	(41, '2022-12-04 15:13:19', '2022-12-04 15:13:19', 'Nguyễn Trọng', 'Thủy', 'https://firebasestorage.googleapis.com/v0/b/datn-f3d5e.appspot.com/o/avatars%2Fimg_avatar.png?alt=media&token=d0e65e3f-6cf7-4aed-9d81-bd738147115f', 'Nam', '000001554', '21', '02', '2000', 'Hà Tĩnh', NULL, NULL, 'Kinh', '0000', NULL),
	(42, '2022-12-04 15:13:19', '2022-12-04 15:13:19', 'Hoàng Anh', 'Tiến', 'https://firebasestorage.googleapis.com/v0/b/datn-f3d5e.appspot.com/o/avatars%2Fimg_avatar.png?alt=media&token=d0e65e3f-6cf7-4aed-9d81-bd738147115f', 'Nam', '000001291', '21', '08', '2000', 'Hà Nội', NULL, NULL, 'Kinh', '0000', NULL),
	(43, '2022-12-04 15:13:19', '2022-12-04 15:13:19', 'Trần Văn', 'Tú', 'https://firebasestorage.googleapis.com/v0/b/datn-f3d5e.appspot.com/o/avatars%2Fimg_avatar.png?alt=media&token=d0e65e3f-6cf7-4aed-9d81-bd738147115f', 'Nam', '000001814', '29', '05', '2000', 'Thái Nguyên', NULL, NULL, 'Kinh', '0000', NULL),
	(44, '2022-12-04 15:13:19', '2022-12-04 15:13:19', 'Nguyễn Minh', 'Vương', 'https://firebasestorage.googleapis.com/v0/b/datn-f3d5e.appspot.com/o/avatars%2Fimg_avatar.png?alt=media&token=d0e65e3f-6cf7-4aed-9d81-bd738147115f', 'Nam', '000001379', '22', '08', '2000', 'Hà Nội', NULL, NULL, 'Kinh', '0000', NULL),
	(45, '2022-12-04 15:13:19', '2022-12-04 15:13:19', 'Bùi Văn', 'Tuân', 'https://firebasestorage.googleapis.com/v0/b/datn-f3d5e.appspot.com/o/avatars%2Fimg_avatar.png?alt=media&token=d0e65e3f-6cf7-4aed-9d81-bd738147115f', 'Nam', '000001667', '07', '10', '2000', 'Bắc Ninh', NULL, NULL, 'Kinh', '0000', NULL),
	(46, '2022-12-04 15:13:19', '2022-12-04 15:13:19', 'Đàm Quang', 'Tuấn', 'https://firebasestorage.googleapis.com/v0/b/datn-f3d5e.appspot.com/o/avatars%2Fimg_avatar.png?alt=media&token=d0e65e3f-6cf7-4aed-9d81-bd738147115f', 'Nam', '000001762', '01', '09', '2000', 'Hà Nội', NULL, NULL, 'Kinh', '0000', NULL),
	(47, '2022-12-04 15:13:19', '2022-12-04 15:13:19', 'Trương Danh', 'Tuấn', 'https://firebasestorage.googleapis.com/v0/b/datn-f3d5e.appspot.com/o/avatars%2Fimg_avatar.png?alt=media&token=d0e65e3f-6cf7-4aed-9d81-bd738147115f', 'Nam', '000000008', '15', '11', '2000', 'Thanh Hóa', NULL, NULL, 'Kinh', '0000', NULL),
	(48, '2022-12-04 15:13:19', '2022-12-04 15:13:19', 'Trần Ngọc', 'Tuyến', 'https://firebasestorage.googleapis.com/v0/b/datn-f3d5e.appspot.com/o/avatars%2Fimg_avatar.png?alt=media&token=d0e65e3f-6cf7-4aed-9d81-bd738147115f', 'Nam', '000001608', '01', '01', '2000', 'Hà Nội', NULL, NULL, 'Kinh', '0000', NULL),
	(49, '2022-12-04 15:13:19', '2022-12-04 15:13:19', 'Vũ Đình', 'Anh', 'https://firebasestorage.googleapis.com/v0/b/datn-f3d5e.appspot.com/o/avatars%2Fimg_avatar.png?alt=media&token=d0e65e3f-6cf7-4aed-9d81-bd738147115f', 'Nam', '000000909', '11', '11', '2000', 'Hưng Yên', NULL, NULL, 'Kinh', '0000', NULL),
	(50, '2022-12-04 15:13:19', '2022-12-04 15:13:19', 'Nguyễn Ngọc Minh', 'Châm', 'https://firebasestorage.googleapis.com/v0/b/datn-f3d5e.appspot.com/o/avatars%2Fimg_avatar2.png?alt=media&token=b894c832-9c6e-4cf4-95ed-1ed562629fa5', 'Nữ', '000000151', '25', '11', '2000', 'Hưng Yên', NULL, NULL, 'Kinh', '0000', NULL),
	(51, '2022-12-04 15:13:19', '2022-12-04 15:13:19', 'Triệu Kim', 'Cúc', 'https://firebasestorage.googleapis.com/v0/b/datn-f3d5e.appspot.com/o/avatars%2Fimg_avatar2.png?alt=media&token=b894c832-9c6e-4cf4-95ed-1ed562629fa5', 'Nữ', '000000859', '27', '03', '2000', 'Tuyên Quang', NULL, NULL, 'Kinh', '0000', NULL),
	(52, '2022-12-04 15:13:19', '2022-12-04 15:13:19', 'Trần Thị Thu', 'Hiền', 'https://firebasestorage.googleapis.com/v0/b/datn-f3d5e.appspot.com/o/avatars%2Fimg_avatar2.png?alt=media&token=b894c832-9c6e-4cf4-95ed-1ed562629fa5', 'Nữ', '000001924', '18', '09', '2000', 'Hà Nội', NULL, NULL, 'Kinh', '0000', NULL),
	(53, '2022-12-04 15:13:19', '2022-12-04 15:13:19', 'Nguyễn Thị', 'Huệ', 'https://firebasestorage.googleapis.com/v0/b/datn-f3d5e.appspot.com/o/avatars%2Fimg_avatar2.png?alt=media&token=b894c832-9c6e-4cf4-95ed-1ed562629fa5', 'Nữ', '000001677', '26', '05', '2000', 'Bắc Ninh', NULL, NULL, 'Kinh', '0000', NULL),
	(54, '2022-12-04 15:13:19', '2022-12-04 15:13:19', 'Bùi Thị Ngọc', 'Linh', 'https://firebasestorage.googleapis.com/v0/b/datn-f3d5e.appspot.com/o/avatars%2Fimg_avatar2.png?alt=media&token=b894c832-9c6e-4cf4-95ed-1ed562629fa5', 'Nữ', '000001317', '22', '08', '2000', 'Hà Nội', NULL, NULL, 'Kinh', '0000', NULL),
	(55, '2022-12-04 15:13:19', '2022-12-04 15:13:19', 'Nguyễn Diệu', 'Linh', 'https://firebasestorage.googleapis.com/v0/b/datn-f3d5e.appspot.com/o/avatars%2Fimg_avatar2.png?alt=media&token=b894c832-9c6e-4cf4-95ed-1ed562629fa5', 'Nữ', '000003276', '05', '05', '2000', 'Phú Thọ', NULL, NULL, 'Kinh', '0000', NULL),
	(56, '2022-12-04 15:13:19', '2022-12-04 15:13:19', 'Nguyễn Thị', 'Mến', 'https://firebasestorage.googleapis.com/v0/b/datn-f3d5e.appspot.com/o/avatars%2Fimg_avatar2.png?alt=media&token=b894c832-9c6e-4cf4-95ed-1ed562629fa5', 'Nữ', '000000112', '18', '03', '2000', 'Thái Bình', NULL, NULL, 'Kinh', '0000', NULL),
	(57, '2022-12-04 15:13:19', '2022-12-04 15:13:19', 'Lê Thị Ngọc', 'Minh', 'https://firebasestorage.googleapis.com/v0/b/datn-f3d5e.appspot.com/o/avatars%2Fimg_avatar2.png?alt=media&token=b894c832-9c6e-4cf4-95ed-1ed562629fa5', 'Nữ', '000001472', '06', '03', '2000', 'Ninh Bình', NULL, NULL, 'Kinh', '0000', NULL),
	(58, '2022-12-04 15:13:19', '2022-12-04 15:13:19', 'Lê Thị Bích', 'Ngọc', 'https://firebasestorage.googleapis.com/v0/b/datn-f3d5e.appspot.com/o/avatars%2Fimg_avatar2.png?alt=media&token=b894c832-9c6e-4cf4-95ed-1ed562629fa5', 'Nữ', '000001625', '04', '10', '2000', 'Hà Nội', NULL, NULL, 'Kinh', '0000', NULL),
	(59, '2022-12-04 15:13:19', '2022-12-04 15:13:19', 'Nguyễn Thị', 'Nhung', 'https://firebasestorage.googleapis.com/v0/b/datn-f3d5e.appspot.com/o/avatars%2Fimg_avatar2.png?alt=media&token=b894c832-9c6e-4cf4-95ed-1ed562629fa5', 'Nữ', '000001756', '31', '10', '2000', 'Hưng Yên', NULL, NULL, 'Kinh', '0000', NULL),
	(60, '2022-12-04 15:13:19', '2022-12-04 15:13:19', 'Đỗ Thị', 'Phương', 'https://firebasestorage.googleapis.com/v0/b/datn-f3d5e.appspot.com/o/avatars%2Fimg_avatar2.png?alt=media&token=b894c832-9c6e-4cf4-95ed-1ed562629fa5', 'Nữ', '000001461', '10', '12', '2000', 'Thái Bình', NULL, NULL, 'Kinh', '0000', NULL),
	(61, '2022-12-04 15:13:19', '2022-12-04 15:13:19', 'Lê Thị Mai', 'Phương', 'https://firebasestorage.googleapis.com/v0/b/datn-f3d5e.appspot.com/o/avatars%2Fimg_avatar2.png?alt=media&token=b894c832-9c6e-4cf4-95ed-1ed562629fa5', 'Nữ', '000000138', '03', '10', '2000', 'Ninh Bình', NULL, NULL, 'Kinh', '0000', NULL),
	(62, '2022-12-04 15:13:19', '2022-12-04 15:13:19', 'Phạm Thị', 'Quyên', 'https://firebasestorage.googleapis.com/v0/b/datn-f3d5e.appspot.com/o/avatars%2Fimg_avatar2.png?alt=media&token=b894c832-9c6e-4cf4-95ed-1ed562629fa5', 'Nữ', '000000588', '14', '04', '2000', 'Tuyên Quang', NULL, NULL, 'Kinh', '0000', NULL),
	(63, '2022-12-04 15:13:19', '2022-12-04 15:13:19', 'Vương Thị', 'Quyến', 'https://firebasestorage.googleapis.com/v0/b/datn-f3d5e.appspot.com/o/avatars%2Fimg_avatar2.png?alt=media&token=b894c832-9c6e-4cf4-95ed-1ed562629fa5', 'Nữ', '000001969', '23', '02', '2000', 'Hà Nội', NULL, NULL, 'Kinh', '0000', NULL),
	(64, '2022-12-04 15:13:19', '2022-12-04 15:13:19', 'Nguyễn Diễm', 'Quỳnh', 'https://firebasestorage.googleapis.com/v0/b/datn-f3d5e.appspot.com/o/avatars%2Fimg_avatar2.png?alt=media&token=b894c832-9c6e-4cf4-95ed-1ed562629fa5', 'Nữ', '000001900', '09', '12', '2000', 'Hà Nội', NULL, NULL, 'Kinh', '0000', NULL),
	(65, '2022-12-04 15:13:19', '2022-12-04 15:13:19', 'Đỗ Thu', 'Thảo', 'https://firebasestorage.googleapis.com/v0/b/datn-f3d5e.appspot.com/o/avatars%2Fimg_avatar2.png?alt=media&token=b894c832-9c6e-4cf4-95ed-1ed562629fa5', 'Nữ', '000001594', '13', '09', '2000', 'Tuyên Quang', NULL, NULL, 'Kinh', '0000', NULL),
	(66, '2022-12-04 15:13:19', '2022-12-04 15:13:19', 'Mai Anh', 'Thúy', 'https://firebasestorage.googleapis.com/v0/b/datn-f3d5e.appspot.com/o/avatars%2Fimg_avatar2.png?alt=media&token=b894c832-9c6e-4cf4-95ed-1ed562629fa5', 'Nữ', '000001720', '29', '05', '2000', 'Nam Định', NULL, NULL, 'Kinh', '0000', NULL),
	(67, '2022-12-04 15:13:19', '2022-12-04 15:13:19', 'Dương Thị Thu', 'Trang', 'https://firebasestorage.googleapis.com/v0/b/datn-f3d5e.appspot.com/o/avatars%2Fimg_avatar2.png?alt=media&token=b894c832-9c6e-4cf4-95ed-1ed562629fa5', 'Nữ', '000001573', '01', '10', '2000', 'Hà Nội', NULL, NULL, 'Kinh', '0000', NULL),
	(68, '2022-12-04 15:13:19', '2022-12-04 15:13:19', 'Lương Thị Hải', 'Yến', 'https://firebasestorage.googleapis.com/v0/b/datn-f3d5e.appspot.com/o/avatars%2Fimg_avatar2.png?alt=media&token=b894c832-9c6e-4cf4-95ed-1ed562629fa5', 'Nữ', '000000907', '25', '10', '2000', 'Thanh Hóa', NULL, NULL, 'Kinh', '0000', NULL),
	(69, '2022-12-04 15:13:19', '2022-12-04 15:13:19', 'Dương Lan', 'Anh', 'https://firebasestorage.googleapis.com/v0/b/datn-f3d5e.appspot.com/o/avatars%2Fimg_avatar2.png?alt=media&token=b894c832-9c6e-4cf4-95ed-1ed562629fa5', 'Nữ', '000000060', '13', '11', '2000', 'Nam Định', NULL, NULL, 'Kinh', '0000', NULL),
	(70, '2022-12-04 15:13:19', '2022-12-04 15:13:19', 'Trần Thị', 'Anh', 'https://firebasestorage.googleapis.com/v0/b/datn-f3d5e.appspot.com/o/avatars%2Fimg_avatar2.png?alt=media&token=b894c832-9c6e-4cf4-95ed-1ed562629fa5', 'Nữ', '000001337', '01', '01', '2000', 'Thái Bình', NULL, NULL, 'Kinh', '0000', NULL),
	(71, '2022-12-04 15:13:19', '2022-12-04 15:13:19', 'Nguyễn Thị Phương', 'Chyền', 'https://firebasestorage.googleapis.com/v0/b/datn-f3d5e.appspot.com/o/avatars%2Fimg_avatar2.png?alt=media&token=b894c832-9c6e-4cf4-95ed-1ed562629fa5', 'Nữ', '000001610', '15', '02', '2000', 'Bắc Giang', NULL, NULL, 'Kinh', '0000', NULL),
	(72, '2022-12-04 15:13:19', '2022-12-04 15:13:19', 'Đỗ Thi Mai', 'Duyên', 'https://firebasestorage.googleapis.com/v0/b/datn-f3d5e.appspot.com/o/avatars%2Fimg_avatar2.png?alt=media&token=b894c832-9c6e-4cf4-95ed-1ed562629fa5', 'Nữ', '000001342', '10', '08', '2000', 'Nam Định', NULL, NULL, 'Kinh', '0000', NULL),
	(73, '2022-12-04 15:13:19', '2022-12-04 15:13:19', 'Vũ Thị', 'Hải', 'https://firebasestorage.googleapis.com/v0/b/datn-f3d5e.appspot.com/o/avatars%2Fimg_avatar2.png?alt=media&token=b894c832-9c6e-4cf4-95ed-1ed562629fa5', 'Nữ', '000001655', '02', '07', '2000', 'Ninh Bình', NULL, NULL, 'Kinh', '0000', NULL),
	(74, '2022-12-04 15:13:19', '2022-12-04 15:13:19', 'Lê Thị', 'Hoa', 'https://firebasestorage.googleapis.com/v0/b/datn-f3d5e.appspot.com/o/avatars%2Fimg_avatar2.png?alt=media&token=b894c832-9c6e-4cf4-95ed-1ed562629fa5', 'Nữ', '000001368', '10', '04', '2000', 'Thanh Hóa', NULL, NULL, 'Kinh', '0000', NULL),
	(75, '2022-12-04 15:13:19', '2022-12-04 15:13:19', 'Lê Thị Thùy', 'Linh', 'https://firebasestorage.googleapis.com/v0/b/datn-f3d5e.appspot.com/o/avatars%2Fimg_avatar2.png?alt=media&token=b894c832-9c6e-4cf4-95ed-1ed562629fa5', 'Nữ', '000001338', '21', '03', '2000', 'Hà Tĩnh', NULL, NULL, 'Kinh', '0000', NULL),
	(76, '2022-12-04 15:13:19', '2022-12-04 15:13:19', 'Cao Thị Mai', 'Phương', 'https://firebasestorage.googleapis.com/v0/b/datn-f3d5e.appspot.com/o/avatars%2Fimg_avatar2.png?alt=media&token=b894c832-9c6e-4cf4-95ed-1ed562629fa5', 'Nữ', '000001495', '24', '01', '2000', 'Hải Phòng', NULL, NULL, 'Kinh', '0000', NULL),
	(77, '2022-12-04 15:13:19', '2022-12-04 15:13:19', 'Nguyễn Bích', 'Phương', 'https://firebasestorage.googleapis.com/v0/b/datn-f3d5e.appspot.com/o/avatars%2Fimg_avatar2.png?alt=media&token=b894c832-9c6e-4cf4-95ed-1ed562629fa5', 'Nữ', '000001353', '08', '11', '2000', 'Hà Nội', NULL, NULL, 'Kinh', '0000', NULL),
	(78, '2022-12-04 15:13:19', '2022-12-04 15:13:19', 'Đỗ Thị Ngọc', 'Phượng', 'https://firebasestorage.googleapis.com/v0/b/datn-f3d5e.appspot.com/o/avatars%2Fimg_avatar2.png?alt=media&token=b894c832-9c6e-4cf4-95ed-1ed562629fa5', 'Nữ', '000001684', '12', '03', '2000', 'Hưng Yên', NULL, NULL, 'Kinh', '0000', NULL),
	(79, '2022-12-04 15:13:19', '2022-12-04 15:13:19', 'Nguyễn Thị Lan', 'Quỳnh', 'https://firebasestorage.googleapis.com/v0/b/datn-f3d5e.appspot.com/o/avatars%2Fimg_avatar2.png?alt=media&token=b894c832-9c6e-4cf4-95ed-1ed562629fa5', 'Nữ', '000001536', '22', '09', '2000', 'Hà Nội', NULL, NULL, 'Kinh', '0000', NULL),
	(80, '2022-12-04 15:13:19', '2022-12-04 15:13:19', 'Nguyễn Thị Thu', 'Trang', 'https://firebasestorage.googleapis.com/v0/b/datn-f3d5e.appspot.com/o/avatars%2Fimg_avatar2.png?alt=media&token=b894c832-9c6e-4cf4-95ed-1ed562629fa5', 'Nữ', '000001592', '25', '12', '2000', 'Thanh Hóa', NULL, NULL, 'Kinh', '0000', NULL),
	(81, '2022-12-04 15:13:19', '2022-12-04 15:13:19', 'Phạm Thị', 'Tươi', 'https://firebasestorage.googleapis.com/v0/b/datn-f3d5e.appspot.com/o/avatars%2Fimg_avatar2.png?alt=media&token=b894c832-9c6e-4cf4-95ed-1ed562629fa5', 'Nữ', '000001440', '28', '11', '2000', 'Hà Nội', NULL, NULL, 'Kinh', '0000', NULL),
	(82, '2022-12-04 15:13:19', '2022-12-04 15:13:19', 'Nguyễn Cẩm', 'Vy', 'https://firebasestorage.googleapis.com/v0/b/datn-f3d5e.appspot.com/o/avatars%2Fimg_avatar2.png?alt=media&token=b894c832-9c6e-4cf4-95ed-1ed562629fa5', 'Nữ', '000001735', '25', '03', '2000', 'Phú Thọ', NULL, NULL, 'Kinh', '0000', NULL),
	(83, '2022-12-04 15:13:19', '2022-12-04 15:13:19', 'Nguyễn Thị Phương', 'Thanh', 'https://firebasestorage.googleapis.com/v0/b/datn-f3d5e.appspot.com/o/avatars%2Fimg_avatar2.png?alt=media&token=b894c832-9c6e-4cf4-95ed-1ed562629fa5', 'Nữ', '000000160', '24', '11', '2000', 'Nam Định', NULL, NULL, 'Kinh', '0000', NULL),
	(84, '2022-12-04 15:13:19', '2022-12-04 15:13:19', 'Vũ Phúc Trường', 'An', 'https://firebasestorage.googleapis.com/v0/b/datn-f3d5e.appspot.com/o/avatars%2Fimg_avatar.png?alt=media&token=d0e65e3f-6cf7-4aed-9d81-bd738147115f', 'Nam', '000001328', '21', '08', '2000', 'Nam Định', NULL, NULL, 'Kinh', '0000', NULL),
	(85, '2022-12-04 15:13:19', '2022-12-04 15:13:19', 'Phạm Duy', 'Anh', 'https://firebasestorage.googleapis.com/v0/b/datn-f3d5e.appspot.com/o/avatars%2Fimg_avatar.png?alt=media&token=d0e65e3f-6cf7-4aed-9d81-bd738147115f', 'Nam', '000001771', '21', '03', '2000', 'Hà Nội', NULL, NULL, 'Kinh', '0000', NULL),
	(86, '2022-12-04 15:13:19', '2022-12-04 15:13:19', 'Phan Quốc', 'Anh', 'https://firebasestorage.googleapis.com/v0/b/datn-f3d5e.appspot.com/o/avatars%2Fimg_avatar.png?alt=media&token=d0e65e3f-6cf7-4aed-9d81-bd738147115f', 'Nam', '000001769', '17', '08', '2000', 'Hà Nội', NULL, NULL, 'Kinh', '0000', NULL),
	(87, '2022-12-04 15:13:19', '2022-12-04 15:13:19', 'Ngô Xuân', 'Chinh', 'https://firebasestorage.googleapis.com/v0/b/datn-f3d5e.appspot.com/o/avatars%2Fimg_avatar.png?alt=media&token=d0e65e3f-6cf7-4aed-9d81-bd738147115f', 'Nam', '000001691', '05', '10', '2000', 'Thái Bình', NULL, NULL, 'Kinh', '0000', NULL),
	(88, '2022-12-04 15:13:19', '2022-12-04 15:13:19', 'Nguyễn Việt', 'Cường', 'https://firebasestorage.googleapis.com/v0/b/datn-f3d5e.appspot.com/o/avatars%2Fimg_avatar.png?alt=media&token=d0e65e3f-6cf7-4aed-9d81-bd738147115f', 'Nam', '000001751', '22', '01', '2000', 'Hà Nội', NULL, NULL, 'Kinh', '0000', NULL),
	(89, '2022-12-04 15:13:19', '2022-12-04 15:13:19', 'Trần Trung', 'Dũng', 'https://firebasestorage.googleapis.com/v0/b/datn-f3d5e.appspot.com/o/avatars%2Fimg_avatar.png?alt=media&token=d0e65e3f-6cf7-4aed-9d81-bd738147115f', 'Nam', '000000109', '09', '08', '2000', 'Hà Nội', NULL, NULL, 'Kinh', '0000', NULL),
	(90, '2022-12-04 15:13:19', '2022-12-04 15:13:19', 'Nguyễn Văn', 'Duy', 'https://firebasestorage.googleapis.com/v0/b/datn-f3d5e.appspot.com/o/avatars%2Fimg_avatar.png?alt=media&token=d0e65e3f-6cf7-4aed-9d81-bd738147115f', 'Nam', '000001831', '19', '11', '2000', 'Hà Nội', NULL, NULL, 'Kinh', '0000', NULL),
	(91, '2022-12-04 15:13:19', '2022-12-04 15:13:19', 'Trần Quang', 'Duyệt', 'https://firebasestorage.googleapis.com/v0/b/datn-f3d5e.appspot.com/o/avatars%2Fimg_avatar.png?alt=media&token=d0e65e3f-6cf7-4aed-9d81-bd738147115f', 'Nam', '000001381', '21', '12', '2000', 'Hà Nam', NULL, NULL, 'Kinh', '0000', NULL),
	(92, '2022-12-04 15:13:19', '2022-12-04 15:13:19', 'Ngô Xuân', 'Đạt', 'https://firebasestorage.googleapis.com/v0/b/datn-f3d5e.appspot.com/o/avatars%2Fimg_avatar.png?alt=media&token=d0e65e3f-6cf7-4aed-9d81-bd738147115f', 'Nam', '000001683', '29', '10', '2000', 'Hà Nội', NULL, NULL, 'Kinh', '0000', NULL),
	(93, '2022-12-04 15:13:19', '2022-12-04 15:13:19', 'Nguyễn Tiến', 'Đạt', 'https://firebasestorage.googleapis.com/v0/b/datn-f3d5e.appspot.com/o/avatars%2Fimg_avatar.png?alt=media&token=d0e65e3f-6cf7-4aed-9d81-bd738147115f', 'Nam', '000001489', '12', '07', '2000', 'Hà Nội', NULL, NULL, 'Kinh', '0000', NULL),
	(94, '2022-12-04 15:13:19', '2022-12-04 15:13:19', 'Nguyễn Minh', 'Đức', 'https://firebasestorage.googleapis.com/v0/b/datn-f3d5e.appspot.com/o/avatars%2Fimg_avatar.png?alt=media&token=d0e65e3f-6cf7-4aed-9d81-bd738147115f', 'Nam', '000001653', '11', '05', '2000', 'Hà Nội', NULL, NULL, 'Kinh', '0000', NULL),
	(95, '2022-12-04 15:13:19', '2022-12-04 15:13:19', 'Nguyễn Quang', 'Hải', 'https://firebasestorage.googleapis.com/v0/b/datn-f3d5e.appspot.com/o/avatars%2Fimg_avatar.png?alt=media&token=d0e65e3f-6cf7-4aed-9d81-bd738147115f', 'Nam', '000001552', '03', '02', '2000', 'Hà Nội', NULL, NULL, 'Kinh', '0000', NULL),
	(96, '2022-12-04 15:13:19', '2022-12-04 15:13:19', 'Đặng Tuấn', 'Hiệp', 'https://firebasestorage.googleapis.com/v0/b/datn-f3d5e.appspot.com/o/avatars%2Fimg_avatar.png?alt=media&token=d0e65e3f-6cf7-4aed-9d81-bd738147115f', 'Nam', '000001890', '16', '02', '2000', 'Ninh Bình', NULL, NULL, 'Kinh', '0000', NULL),
	(97, '2022-12-04 15:13:19', '2022-12-04 15:13:19', 'Nguyễn Dũng', 'Hiếu', 'https://firebasestorage.googleapis.com/v0/b/datn-f3d5e.appspot.com/o/avatars%2Fimg_avatar.png?alt=media&token=d0e65e3f-6cf7-4aed-9d81-bd738147115f', 'Nam', '000001662', '22', '01', '2000', 'Hà Nội', NULL, NULL, 'Kinh', '0000', NULL),
	(98, '2022-12-04 15:13:19', '2022-12-04 15:13:19', 'Nguyễn Trung', 'Hiếu', 'https://firebasestorage.googleapis.com/v0/b/datn-f3d5e.appspot.com/o/avatars%2Fimg_avatar.png?alt=media&token=d0e65e3f-6cf7-4aed-9d81-bd738147115f', 'Nam', '000000158', '29', '12', '2000', 'Bắc Giang', NULL, NULL, 'Kinh', '0000', NULL),
	(99, '2022-12-04 15:13:19', '2022-12-04 15:13:19', 'Tô Việt', 'Hoàng', 'https://firebasestorage.googleapis.com/v0/b/datn-f3d5e.appspot.com/o/avatars%2Fimg_avatar.png?alt=media&token=d0e65e3f-6cf7-4aed-9d81-bd738147115f', 'Nam', '000001893', '08', '03', '2000', 'Thái Bình', NULL, NULL, 'Kinh', '0000', NULL),
	(100, '2022-12-04 15:13:19', '2022-12-04 15:13:19', 'Trần Như', 'Hoàng', 'https://firebasestorage.googleapis.com/v0/b/datn-f3d5e.appspot.com/o/avatars%2Fimg_avatar.png?alt=media&token=d0e65e3f-6cf7-4aed-9d81-bd738147115f', 'Nam', '000001587', '16', '07', '2000', 'Nam Định', NULL, NULL, 'Kinh', '0000', NULL),
	(101, '2022-12-04 15:13:19', '2022-12-04 15:13:19', 'Nguyễn Hữu', 'Hợp', 'https://firebasestorage.googleapis.com/v0/b/datn-f3d5e.appspot.com/o/avatars%2Fimg_avatar.png?alt=media&token=d0e65e3f-6cf7-4aed-9d81-bd738147115f', 'Nam', '000000624', '13', '01', '2000', 'Yên Bái', NULL, NULL, 'Kinh', '0000', NULL),
	(102, '2022-12-04 15:13:19', '2022-12-04 15:13:19', 'Nguyễn Mạnh', 'Hùng', 'https://firebasestorage.googleapis.com/v0/b/datn-f3d5e.appspot.com/o/avatars%2Fimg_avatar.png?alt=media&token=d0e65e3f-6cf7-4aed-9d81-bd738147115f', 'Nam', '000001411', '25', '12', '2000', 'Hà Giang', NULL, NULL, 'Kinh', '0000', NULL),
	(103, '2022-12-04 15:13:19', '2022-12-04 15:13:19', 'Bùi Trung', 'Kiên', 'https://firebasestorage.googleapis.com/v0/b/datn-f3d5e.appspot.com/o/avatars%2Fimg_avatar.png?alt=media&token=d0e65e3f-6cf7-4aed-9d81-bd738147115f', 'Nam', '000001473', '16', '01', '2000', 'Hà Nội', NULL, NULL, 'Kinh', '0000', NULL);
/*!40000 ALTER TABLE `student` ENABLE KEYS */;

-- Dumping structure for table datn.student_course_mapping
DROP TABLE IF EXISTS `student_course_mapping`;
CREATE TABLE IF NOT EXISTS `student_course_mapping` (
  `id` int(11) NOT NULL AUTO_INCREMENT,
  `created_at` datetime DEFAULT current_timestamp(),
  `updated_at` datetime DEFAULT current_timestamp(),
  `studentId` int(11) DEFAULT NULL,
  `courseId` int(11) DEFAULT NULL,
  PRIMARY KEY (`id`),
  KEY `FK_student_course_mapping_student` (`studentId`),
  KEY `FK_student_course_mapping_course` (`courseId`),
  CONSTRAINT `FK_student_course_mapping_course` FOREIGN KEY (`courseId`) REFERENCES `course` (`id`) ON DELETE NO ACTION ON UPDATE NO ACTION,
  CONSTRAINT `FK_student_course_mapping_student` FOREIGN KEY (`studentId`) REFERENCES `student` (`id`) ON DELETE NO ACTION ON UPDATE NO ACTION
) ENGINE=InnoDB AUTO_INCREMENT=66 DEFAULT CHARSET=latin1;

-- Dumping data for table datn.student_course_mapping: ~65 rows (approximately)
/*!40000 ALTER TABLE `student_course_mapping` DISABLE KEYS */;
INSERT INTO `student_course_mapping` (`id`, `created_at`, `updated_at`, `studentId`, `courseId`) VALUES
	(1, '2022-12-04 16:12:31', '2022-12-04 16:12:31', 9, 3),
	(2, '2022-12-04 16:12:31', '2022-12-04 16:12:31', 16, 1),
	(3, '2022-12-04 16:12:31', '2022-12-04 16:12:31', 17, 5),
	(4, '2022-12-04 16:12:31', '2022-12-04 16:12:31', 12, 2),
	(5, '2022-12-04 16:12:31', '2022-12-04 16:12:31', 4, 3),
	(6, '2022-12-04 16:12:31', '2022-12-04 16:12:31', 14, 3),
	(7, '2022-12-04 16:12:31', '2022-12-04 16:12:31', 2, 3),
	(8, '2022-12-04 16:12:31', '2022-12-04 16:12:31', 6, 3),
	(9, '2022-12-04 16:12:31', '2022-12-04 16:12:31', 8, 1),
	(10, '2022-12-04 16:12:31', '2022-12-04 16:12:31', 3, 4),
	(11, '2022-12-04 16:12:31', '2022-12-04 16:12:31', 18, 1),
	(12, '2022-12-04 16:12:31', '2022-12-04 16:12:31', 25, 1),
	(13, '2022-12-04 16:12:31', '2022-12-04 16:12:31', 19, 6),
	(14, '2022-12-04 16:12:31', '2022-12-04 16:12:31', 20, 3),
	(15, '2022-12-04 16:12:31', '2022-12-04 16:12:31', 21, 1),
	(16, '2022-12-04 16:12:31', '2022-12-04 16:12:31', 29, 5),
	(17, '2022-12-04 16:12:31', '2022-12-04 16:12:31', 22, 2),
	(18, '2022-12-04 16:12:31', '2022-12-04 16:12:31', 35, 3),
	(19, '2022-12-04 16:12:31', '2022-12-04 16:12:31', 30, 1),
	(20, '2022-12-04 16:12:31', '2022-12-04 16:12:31', 32, 6),
	(21, '2022-12-04 16:12:31', '2022-12-04 16:12:31', 39, 1),
	(22, '2022-12-04 16:12:31', '2022-12-04 16:12:31', 38, 5),
	(23, '2022-12-04 16:12:31', '2022-12-04 16:12:31', 40, 1),
	(24, '2022-12-04 16:12:31', '2022-12-04 16:12:31', 41, 3),
	(25, '2022-12-04 16:12:31', '2022-12-04 16:12:31', 42, 5),
	(26, '2022-12-04 16:12:31', '2022-12-04 16:12:31', 43, 3),
	(27, '2022-12-04 16:12:31', '2022-12-04 16:12:31', 44, 5),
	(28, '2022-12-04 16:12:31', '2022-12-04 16:12:31', 45, 2),
	(29, '2022-12-04 16:12:31', '2022-12-04 16:12:31', 49, 6),
	(30, '2022-12-04 16:12:31', '2022-12-04 16:12:31', 46, 4),
	(31, '2022-12-04 16:12:31', '2022-12-04 16:12:31', 51, 6),
	(32, '2022-12-04 16:12:31', '2022-12-04 16:12:31', 52, 4),
	(33, '2022-12-04 16:12:31', '2022-12-04 16:12:31', 53, 2),
	(34, '2022-12-04 16:12:31', '2022-12-04 16:12:31', 55, 1),
	(35, '2022-12-04 16:12:31', '2022-12-04 16:12:31', 56, 1),
	(36, '2022-12-04 16:12:31', '2022-12-04 16:12:31', 57, 3),
	(37, '2022-12-04 16:12:31', '2022-12-04 16:12:31', 58, 4),
	(38, '2022-12-04 16:12:31', '2022-12-04 16:12:31', 59, 2),
	(39, '2022-12-04 16:12:31', '2022-12-04 16:12:31', 61, 3),
	(40, '2022-12-04 16:12:31', '2022-12-04 16:12:31', 63, 6),
	(41, '2022-12-04 16:12:31', '2022-12-04 16:12:31', 64, 1),
	(42, '2022-12-04 16:12:31', '2022-12-04 16:12:31', 65, 5),
	(43, '2022-12-04 16:12:31', '2022-12-04 16:12:31', 66, 3),
	(44, '2022-12-04 16:12:31', '2022-12-04 16:12:31', 69, 5),
	(45, '2022-12-04 16:12:31', '2022-12-04 16:12:31', 68, 5),
	(46, '2022-12-04 16:12:31', '2022-12-04 16:12:31', 70, 2),
	(47, '2022-12-04 16:12:31', '2022-12-04 16:12:31', 71, 6),
	(48, '2022-12-04 16:12:31', '2022-12-04 16:12:31', 72, 3),
	(49, '2022-12-04 16:12:31', '2022-12-04 16:12:31', 73, 4),
	(50, '2022-12-04 16:12:31', '2022-12-04 16:12:31', 74, 3),
	(51, '2022-12-04 16:12:31', '2022-12-04 16:12:31', 75, 3),
	(52, '2022-12-04 16:12:31', '2022-12-04 16:12:31', 78, 4),
	(53, '2022-12-04 16:12:31', '2022-12-04 16:12:31', 77, 5),
	(54, '2022-12-04 16:12:31', '2022-12-04 16:12:31', 80, 3),
	(55, '2022-12-04 16:12:31', '2022-12-04 16:12:31', 81, 5),
	(56, '2022-12-04 16:12:31', '2022-12-04 16:12:31', 86, 3),
	(57, '2022-12-04 16:12:31', '2022-12-04 16:12:31', 87, 5),
	(58, '2022-12-04 16:12:31', '2022-12-04 16:12:31', 90, 3),
	(59, '2022-12-04 16:12:31', '2022-12-04 16:12:31', 92, 5),
	(60, '2022-12-04 16:12:31', '2022-12-04 16:12:31', 93, 5),
	(61, '2022-12-04 16:12:31', '2022-12-04 16:12:31', 94, 3),
	(62, '2022-12-04 16:12:31', '2022-12-04 16:12:31', 99, 5),
	(63, '2022-12-04 16:12:31', '2022-12-04 16:12:31', 101, 1),
	(64, '2022-12-04 16:12:31', '2022-12-04 16:12:31', 102, 2),
	(65, '2022-12-04 16:12:31', '2022-12-04 16:12:31', 103, 4);
/*!40000 ALTER TABLE `student_course_mapping` ENABLE KEYS */;

-- Dumping structure for table datn.student_exam_mapping
DROP TABLE IF EXISTS `student_exam_mapping`;
CREATE TABLE IF NOT EXISTS `student_exam_mapping` (
  `id` int(11) NOT NULL AUTO_INCREMENT,
  `created_at` datetime NOT NULL DEFAULT current_timestamp(),
  `updated_at` datetime NOT NULL DEFAULT current_timestamp(),
  `examId` int(11) DEFAULT NULL,
  `studentId` int(11) DEFAULT NULL,
  `room` varchar(50) DEFAULT NULL,
  `sbd` int(11) DEFAULT NULL,
  `start` time DEFAULT NULL,
  `end` time DEFAULT NULL,
  `practicalScore1` int(11) DEFAULT NULL,
  `practicalScore2` int(11) DEFAULT NULL,
  `practicalScore3` int(11) DEFAULT NULL,
  `practicalScore` int(11) DEFAULT NULL,
  `theoreticalScore` int(11) DEFAULT NULL,
  `status` int(11) DEFAULT NULL,
  `entry` int(11) DEFAULT NULL,
  PRIMARY KEY (`id`),
  KEY `FK_student_exam_mapping_exam` (`examId`),
  KEY `FK_student_exam_mapping_student` (`studentId`),
  CONSTRAINT `FK_student_exam_mapping_exam` FOREIGN KEY (`examId`) REFERENCES `exam` (`id`) ON DELETE NO ACTION ON UPDATE NO ACTION,
  CONSTRAINT `FK_student_exam_mapping_student` FOREIGN KEY (`studentId`) REFERENCES `student` (`id`) ON DELETE NO ACTION ON UPDATE NO ACTION
) ENGINE=InnoDB AUTO_INCREMENT=69 DEFAULT CHARSET=latin1;

-- Dumping data for table datn.student_exam_mapping: ~68 rows (approximately)
/*!40000 ALTER TABLE `student_exam_mapping` DISABLE KEYS */;
INSERT INTO `student_exam_mapping` (`id`, `created_at`, `updated_at`, `examId`, `studentId`, `room`, `sbd`, `start`, `end`, `practicalScore1`, `practicalScore2`, `practicalScore3`, `practicalScore`, `theoreticalScore`, `status`, `entry`) VALUES
	(1, '2022-12-18 20:26:28', '2023-01-02 09:35:51', 5, 1, '3npm-1', 1, '07:30:00', '10:30:00', NULL, NULL, NULL, NULL, NULL, NULL, 1),
	(2, '2022-12-18 20:26:28', '2023-01-02 09:35:51', 5, 5, '3npm-1', 4, '07:30:00', '10:30:00', NULL, NULL, NULL, NULL, NULL, NULL, 1),
	(3, '2022-12-18 20:26:28', '2023-01-02 09:35:51', 1, 8, '1kmv-1', 3, '07:30:00', '10:30:00', NULL, NULL, NULL, NULL, NULL, NULL, 1),
	(4, '2022-12-18 20:26:28', '2023-01-02 09:35:51', 1, 12, '1kmv-1', 4, '07:30:00', '10:30:00', NULL, NULL, NULL, NULL, NULL, NULL, 1),
	(5, '2022-12-18 20:26:28', '2023-01-02 09:35:51', 1, 16, '1kmv-1', 11, '07:30:00', '10:30:00', NULL, NULL, NULL, NULL, NULL, NULL, 1),
	(6, '2022-12-18 20:26:28', '2023-01-02 09:35:51', 3, 11, '2lde-1', 6, '07:30:00', '10:30:00', NULL, NULL, NULL, NULL, NULL, NULL, 1),
	(7, '2022-12-18 20:26:28', '2023-01-02 09:35:51', 1, 13, '1kmv-1', 5, '07:30:00', '10:30:00', NULL, NULL, NULL, NULL, NULL, NULL, 1),
	(8, '2022-12-18 20:26:28', '2023-01-02 09:35:51', 3, 10, '2lde-1', 5, '07:30:00', '10:30:00', NULL, NULL, NULL, NULL, NULL, NULL, 1),
	(9, '2022-12-18 20:26:28', '2023-01-02 09:35:51', 5, 15, '3npm-1', 7, '07:30:00', '10:30:00', NULL, NULL, NULL, NULL, NULL, NULL, 1),
	(10, '2022-12-18 20:26:28', '2023-01-02 09:35:51', 1, 7, '1kmv-1', 2, '07:30:00', '10:30:00', NULL, NULL, NULL, NULL, NULL, NULL, 1),
	(11, '2022-12-18 20:26:28', '2023-01-02 09:35:51', 5, 17, '3npm-1', 8, '07:30:00', '10:30:00', NULL, NULL, NULL, NULL, NULL, NULL, 1),
	(12, '2022-12-18 20:26:28', '2023-01-02 09:35:51', 1, 21, '1kmv-1', 12, '07:30:00', '10:30:00', NULL, NULL, NULL, NULL, NULL, NULL, 1),
	(13, '2022-12-18 20:26:28', '2023-01-02 09:35:51', 1, 18, '1kmv-1', 9, '07:30:00', '10:30:00', NULL, NULL, NULL, NULL, NULL, NULL, 1),
	(14, '2022-12-18 20:26:28', '2023-01-02 09:35:51', 5, 19, '3npm-1', 9, '07:30:00', '10:30:00', NULL, NULL, NULL, NULL, NULL, NULL, 1),
	(15, '2022-12-18 20:26:28', '2023-01-02 09:35:51', 1, 22, '1kmv-1', 13, '07:30:00', '10:30:00', NULL, NULL, NULL, NULL, NULL, NULL, 1),
	(16, '2022-12-18 20:26:28', '2023-01-02 09:35:51', 1, 23, '1kmv-1', 15, '07:30:00', '10:30:00', NULL, NULL, NULL, NULL, NULL, NULL, 1),
	(17, '2022-12-18 20:26:28', '2023-01-02 09:35:51', 3, 24, '2lde-1', 10, '07:30:00', '10:30:00', NULL, NULL, NULL, NULL, NULL, NULL, 1),
	(18, '2022-12-18 20:26:28', '2023-01-02 09:35:51', 1, 27, '1kmv-1', 17, '07:30:00', '10:30:00', NULL, NULL, NULL, NULL, NULL, NULL, 1),
	(19, '2022-12-18 20:26:28', '2023-01-02 09:35:51', 1, 25, '1kmv-1', 16, '07:30:00', '10:30:00', NULL, NULL, NULL, NULL, NULL, NULL, 1),
	(20, '2022-12-18 20:26:28', '2023-01-02 09:35:51', 3, 35, '2lde-1', 16, '07:30:00', '10:30:00', NULL, NULL, NULL, NULL, NULL, NULL, 1),
	(21, '2022-12-18 20:26:28', '2023-01-02 09:35:51', 5, 36, '3npm-1', 15, '07:30:00', '10:30:00', NULL, NULL, NULL, NULL, NULL, NULL, 1),
	(22, '2022-12-18 20:26:28', '2023-01-02 09:35:51', 3, 28, '2lde-1', 12, '07:30:00', '10:30:00', NULL, NULL, NULL, NULL, NULL, NULL, 1),
	(23, '2022-12-18 20:26:28', '2023-01-02 09:35:51', 5, 29, '3npm-1', 10, '07:30:00', '10:30:00', NULL, NULL, NULL, NULL, NULL, NULL, 1),
	(24, '2022-12-18 20:26:28', '2023-01-02 09:35:51', 3, 26, '2lde-1', 11, '07:30:00', '10:30:00', NULL, NULL, NULL, NULL, NULL, NULL, 1),
	(25, '2022-12-18 20:26:28', '2023-01-02 09:35:51', 3, 31, '2lde-1', 14, '07:30:00', '10:30:00', NULL, NULL, NULL, NULL, NULL, NULL, 1),
	(26, '2022-12-18 20:26:28', '2023-01-02 09:35:51', 5, 32, '3npm-1', 11, '07:30:00', '10:30:00', NULL, NULL, NULL, NULL, NULL, NULL, 1),
	(27, '2022-12-18 20:26:28', '2023-01-02 09:35:51', 5, 33, '3npm-1', 12, '07:30:00', '10:30:00', NULL, NULL, NULL, NULL, NULL, NULL, 1),
	(28, '2022-12-18 20:26:28', '2023-01-02 09:35:51', 3, 34, '2lde-1', 15, '07:30:00', '10:30:00', NULL, NULL, NULL, NULL, NULL, NULL, 1),
	(29, '2022-12-18 20:26:28', '2023-01-02 09:35:51', 5, 42, '3npm-1', 19, '07:30:00', '10:30:00', NULL, NULL, NULL, NULL, NULL, NULL, 1),
	(30, '2022-12-18 20:26:28', '2023-01-02 09:35:51', 1, 37, '1kmv-2', 22, '07:30:00', '10:30:00', NULL, NULL, NULL, NULL, NULL, NULL, 1),
	(31, '2022-12-18 20:26:28', '2023-01-02 09:35:51', 5, 38, '3npm-1', 17, '07:30:00', '10:30:00', NULL, NULL, NULL, NULL, NULL, NULL, 1),
	(32, '2022-12-18 20:26:28', '2023-01-02 09:35:51', 5, 44, '3npm-2', 23, '07:30:00', '10:30:00', NULL, NULL, NULL, NULL, NULL, NULL, 1),
	(33, '2022-12-18 20:26:28', '2023-01-02 09:35:51', 5, 47, '3npm-2', 21, '07:30:00', '10:30:00', NULL, NULL, NULL, NULL, NULL, NULL, 1),
	(34, '2022-12-18 20:26:28', '2023-01-02 09:35:51', 1, 45, '1kmv-2', 23, '07:30:00', '10:30:00', NULL, NULL, NULL, NULL, NULL, NULL, 1),
	(35, '2022-12-18 20:26:28', '2023-01-02 09:35:51', 1, 48, '1kmv-2', 24, '07:30:00', '10:30:00', NULL, NULL, NULL, NULL, NULL, NULL, 1),
	(36, '2022-12-18 20:26:28', '2023-01-02 09:35:51', 5, 49, '3npm-1', 3, '07:30:00', '10:30:00', NULL, NULL, NULL, NULL, NULL, NULL, 1),
	(37, '2022-12-18 20:26:28', '2023-01-02 09:35:51', 1, 50, '1kmv-1', 1, '07:30:00', '10:30:00', NULL, NULL, NULL, NULL, NULL, NULL, 1),
	(38, '2022-12-18 20:26:28', '2023-01-02 09:35:51', 1, 54, '1kmv-1', 14, '07:30:00', '10:30:00', NULL, NULL, NULL, NULL, NULL, NULL, 1),
	(39, '2022-12-18 20:26:28', '2023-01-02 09:35:51', 3, 57, '2lde-1', 13, '07:30:00', '10:30:00', NULL, NULL, NULL, NULL, NULL, NULL, 1),
	(40, '2022-12-18 20:26:28', '2023-01-02 09:35:51', 1, 59, '1kmv-1', 18, '07:30:00', '10:30:00', NULL, NULL, NULL, NULL, NULL, NULL, 1),
	(41, '2022-12-18 20:26:28', '2023-01-02 09:35:51', 5, 60, '3npm-1', 13, '07:30:00', '10:30:00', NULL, NULL, NULL, NULL, NULL, NULL, 1),
	(42, '2022-12-18 20:26:28', '2023-01-02 09:35:51', 3, 61, '2lde-1', 18, '07:30:00', '10:30:00', NULL, NULL, NULL, NULL, NULL, NULL, 1),
	(43, '2022-12-18 20:26:28', '2023-01-02 09:35:51', 3, 78, '2lde-1', 17, '07:30:00', '10:30:00', NULL, NULL, NULL, NULL, NULL, NULL, 1),
	(44, '2022-12-18 20:26:28', '2023-01-02 09:35:51', 1, 62, '1kmv-1', 20, '07:30:00', '10:30:00', NULL, NULL, NULL, NULL, NULL, NULL, 1),
	(45, '2022-12-18 20:26:28', '2023-01-02 09:35:51', 5, 67, '3npm-1', 20, '07:30:00', '10:30:00', NULL, NULL, NULL, NULL, NULL, NULL, 1),
	(46, '2022-12-18 20:26:28', '2023-01-02 09:35:51', 5, 63, '3npm-1', 16, '07:30:00', '10:30:00', NULL, NULL, NULL, NULL, NULL, NULL, 1),
	(47, '2022-12-18 20:26:28', '2023-01-02 09:35:51', 1, 64, '1kmv-2', 21, '07:30:00', '10:30:00', NULL, NULL, NULL, NULL, NULL, NULL, 1),
	(48, '2022-12-18 20:26:28', '2023-01-02 09:35:51', 5, 71, '3npm-1', 5, '07:30:00', '10:30:00', NULL, NULL, NULL, NULL, NULL, NULL, 1),
	(49, '2022-12-18 20:26:28', '2023-01-02 09:35:51', 3, 73, '2lde-1', 7, '07:30:00', '10:30:00', NULL, NULL, NULL, NULL, NULL, NULL, 1),
	(50, '2022-12-18 20:26:28', '2023-01-02 09:35:51', 1, 76, '1kmv-1', 19, '07:30:00', '10:30:00', NULL, NULL, NULL, NULL, NULL, NULL, 1),
	(51, '2022-12-18 20:26:28', '2023-01-02 09:35:51', 5, 77, '3npm-1', 14, '07:30:00', '10:30:00', NULL, NULL, NULL, NULL, NULL, NULL, 1),
	(52, '2022-12-18 20:26:28', '2023-01-02 09:35:51', 3, 79, '2lde-1', 19, '07:30:00', '10:30:00', NULL, NULL, NULL, NULL, NULL, NULL, 1),
	(53, '2022-12-18 20:26:28', '2023-01-02 09:35:51', 3, 80, '2lde-1', 20, '07:30:00', '10:30:00', NULL, NULL, NULL, NULL, NULL, NULL, 1),
	(54, '2022-12-18 20:26:28', '2023-01-02 09:35:51', 5, 81, '3npm-2', 22, '07:30:00', '10:30:00', NULL, NULL, NULL, NULL, NULL, NULL, 1),
	(55, '2022-12-18 20:26:28', '2023-01-02 09:35:51', 1, 82, '1kmv-2', 25, '07:30:00', '10:30:00', NULL, NULL, NULL, NULL, NULL, NULL, 1),
	(56, '2022-12-18 20:26:28', '2023-01-02 09:35:51', 5, 83, '3npm-1', 18, '07:30:00', '10:30:00', NULL, NULL, NULL, NULL, NULL, NULL, 1),
	(57, '2022-12-18 20:26:28', '2023-01-02 09:35:51', 3, 84, '2lde-1', 1, '07:30:00', '10:30:00', NULL, NULL, NULL, NULL, NULL, NULL, 1),
	(58, '2022-12-18 20:26:28', '2023-01-02 09:35:51', 5, 85, '3npm-1', 2, '07:30:00', '10:30:00', NULL, NULL, NULL, NULL, NULL, NULL, 1),
	(59, '2022-12-18 20:26:28', '2023-01-02 09:35:51', 3, 86, '2lde-1', 2, '07:30:00', '10:30:00', NULL, NULL, NULL, NULL, NULL, NULL, 1),
	(60, '2022-12-18 20:26:28', '2023-01-02 09:35:51', 5, 89, '3npm-1', 6, '07:30:00', '10:30:00', NULL, NULL, NULL, NULL, NULL, NULL, 1),
	(61, '2022-12-18 20:26:28', '2023-01-02 09:35:51', 3, 88, '2lde-1', 3, '07:30:00', '10:30:00', NULL, NULL, NULL, NULL, NULL, NULL, 1),
	(62, '2022-12-18 20:26:28', '2023-01-02 09:35:51', 1, 95, '1kmv-1', 6, '07:30:00', '10:30:00', NULL, NULL, NULL, NULL, NULL, NULL, 1),
	(63, '2022-12-18 20:26:28', '2023-01-02 09:35:51', 3, 91, '2lde-1', 4, '07:30:00', '10:30:00', NULL, NULL, NULL, NULL, NULL, NULL, 1),
	(64, '2022-12-18 20:26:28', '2023-01-02 09:35:51', 3, 96, '2lde-1', 8, '07:30:00', '10:30:00', NULL, NULL, NULL, NULL, NULL, NULL, 1),
	(65, '2022-12-18 20:26:28', '2023-01-02 09:35:51', 1, 97, '1kmv-1', 7, '07:30:00', '10:30:00', NULL, NULL, NULL, NULL, NULL, NULL, 1),
	(66, '2022-12-18 20:26:28', '2023-01-02 09:35:51', 1, 98, '1kmv-1', 8, '07:30:00', '10:30:00', NULL, NULL, NULL, NULL, NULL, NULL, 1),
	(67, '2022-12-18 20:26:28', '2023-01-02 09:35:51', 3, 100, '2lde-1', 9, '07:30:00', '10:30:00', NULL, NULL, NULL, NULL, NULL, NULL, 1),
	(68, '2022-12-18 20:26:28', '2023-01-02 09:35:51', 1, 102, '1kmv-1', 10, '07:30:00', '10:30:00', NULL, NULL, NULL, NULL, NULL, NULL, 1);
/*!40000 ALTER TABLE `student_exam_mapping` ENABLE KEYS */;

/*!40101 SET SQL_MODE=IFNULL(@OLD_SQL_MODE, '') */;
/*!40014 SET FOREIGN_KEY_CHECKS=IFNULL(@OLD_FOREIGN_KEY_CHECKS, 1) */;
/*!40101 SET CHARACTER_SET_CLIENT=@OLD_CHARACTER_SET_CLIENT */;
/*!40111 SET SQL_NOTES=IFNULL(@OLD_SQL_NOTES, 1) */;
